Coded_ID,Cohort,Intervention,Female,Final_grade,Final_score,Baseline_math_score,Baseline_stereotype_endorsement
1,A,-1,0,1.7,57.21,0.22,4
2,A,1,1,4,86.47,1.53,2
3,A,-1,0,3.3,81.15,-0.17,1
4,A,1,0,2,62.75,-0.04,2
5,A,-1,1,2.3,69.65,-0.17,3
6,A,1,0,4,86.49,0.09,1
7,A,1,0,3,77.48,1.79,4
8,A,-1,0,2.3,69.50,0.48,4
9,A,1,0,3,77.71,-0.96,2
10,A,-1,0,4,88.36,1.26,4
11,A,1,0,1.7,55.57,-3.31,2
12,A,-1,0,3.3,81.66,-2.40,3
13,A,1,0,1,40.98,-1.09,1
14,A,-1,0,4,97.73,1.79,1
15,A,-1,0,4,86.31,-0.70,1
16,A,-1,0,3.3,81.87,1.40,3
17,A,-1,0,2.3,70.58,-1.09,2
18,A,1,0,2.3,70.34,-0.31,3
19,A,1,0,2.3,69.56,0.22,3
20,A,1,0,2.7,72.20,-0.31,3
21,A,1,0,3.7,83.14,-0.04,2
22,A,-1,1,1.7,53.96,-0.83,1
23,A,-1,1,2,65.59,-0.31,3
24,A,-1,0,2.7,74.31,1.40,4
25,A,-1,0,2.7,72.05,1.00,2
26,A,-1,0,1.3,48.88,0.09,4
27,A,1,0,1.3,46.65,-0.04,1
28,A,1,1,2.3,70.52,0.48,3
29,A,-1,0,4,87.28,0.61,3
30,A,-1,0,1,41.17,-0.57,1
31,A,-1,0,2,62.52,0.09,1
32,A,-1,1,2,65.10,1.53,4
33,A,-1,0,3.3,80.37,-1.88,3
34,A,1,0,2.7,74.42,1.40,1
35,A,-1,0,3,76.47,-0.31,3
36,A,-1,0,1.7,53.92,-0.04,5
37,A,1,0,2.3,67.29,-1.35,1
38,A,1,0,1.7,58.65,-0.04,1
39,A,1,0,4,89.30,1.53,1
40,A,-1,0,2.3,66.81,0.48,3
41,A,1,0,3.7,83.15,0.48,1
42,A,1,0,2.7,72.64,1.13,3
43,A,1,0,2.3,68.16,-0.17,3
44,A,1,0,2.7,73.43,-0.04,5
45,A,1,0,3.3,80.57,-1.61,3
46,A,1,0,3.7,84.62,-0.44,4
47,A,-1,0,2.3,70.57,1.13,1
48,A,1,0,4,88.61,-0.31,1
49,A,1,0,2.3,67.61,1.13,2
50,A,1,0,3.3,79.63,-0.04,2
51,A,-1,0,3.3,78.62,-0.31,5
52,A,-1,0,2,62.41,0.09,1
53,A,1,1,4,87.86,2.05,2
54,A,1,0,1.7,59.06,-1.35,1
55,A,1,0,1.7,60.10,1.53,2
56,A,1,0,3.7,84.34,1.53,4
57,A,-1,0,3,75.21,0.09,3
58,A,1,0,3.3,79.13,-0.83,1
59,A,1,0,2.7,71.55,-1.22,3
60,A,-1,0,3,78.01,0.74,3
61,A,1,1,3,76.52,-0.04,3
62,A,-1,1,3,75.93,1.13,3
63,A,1,0,1.3,51.13,-1.74,1
64,A,-1,1,0,23.49,-2.40,1
65,A,1,0,1.7,53.45,-1.09,1
66,A,1,0,2,66.24,0.09,3
67,A,1,0,3,76.83,-0.57,1
68,A,-1,0,2.3,67.64,-0.31,3
69,A,-1,1,3.7,85.09,0.74,1
70,A,1,0,4,92.20,1.13,4
71,A,-1,1,2.7,71.71,0.09,1
72,A,1,0,2,65.85,-0.31,3
73,A,-1,0,2,62.92,-0.70,4
74,A,-1,1,2,66.29,0.35,1
75,A,-1,1,2,65.83,-0.44,1
76,A,-1,0,1.7,58.65,-0.83,1
77,A,1,0,2.3,68.89,0.35,3
78,A,-1,1,2.7,73.19,0.35,3
79,A,1,0,4,91.04,0.48,3
80,A,-1,0,2.7,72.68,0.35,3
81,A,-1,1,2.7,73.54,-0.17,4
82,A,1,0,3.3,80.95,-0.44,3
83,A,-1,1,2.7,73.85,0.61,1
84,A,1,0,2.7,73.64,-0.44,3
85,A,1,0,1.7,52.13,1.13,1
86,A,1,0,3,76.37,-0.57,2
87,A,-1,1,4,92.06,0.87,1
88,A,-1,1,2.3,70.74,0.09,1
89,A,1,1,2.7,72.19,0.35,3
90,A,-1,0,3.3,80.16,0.09,2
91,A,-1,0,3.3,81.99,1.00,2
92,A,-1,0,2.3,68.39,-0.17,1
93,A,-1,0,2.7,72.46,-1.09,1
94,A,-1,1,2,64.76,-0.31,4
95,A,-1,1,1.7,61.72,1.26,4
96,A,-1,0,2.7,71.35,-0.17,3
97,A,-1,0,2.3,67.88,0.09,5
98,A,-1,0,2.3,69.34,0.35,1
99,A,1,0,2.3,67.58,-0.17,4
100,A,-1,0,1.7,55.38,-1.35,1
101,A,1,0,2.7,74.42,-0.04,2
102,A,1,1,2.3,69.30,-0.70,3
103,A,1,0,2,62.36,-0.57,3
104,A,-1,0,1,40.78,-0.44,1
105,A,1,1,2,63.68,-2.66,1
106,A,-1,1,3.7,82.34,-0.31,2
107,A,1,0,2.3,68.63,-0.57,1
108,A,1,0,3.3,81.94,-0.04,4
109,A,1,0,3.7,83.24,1.92,1
110,A,-1,1,3.3,80.37,-0.04,5
111,A,1,0,4,87.90,1.53,1
112,A,-1,0,2,62.88,0.09,3
113,A,-1,1,1.7,54.88,0.22,4
114,A,1,0,1.7,61.15,-0.31,1
115,A,1,0,3.7,84.61,0.48,1
116,A,-1,1,2,65.40,-1.09,3
117,A,1,0,1.7,60.69,-0.04,1
118,A,-1,0,1.7,55.03,-1.09,4
119,A,1,0,2.7,72.88,0.61,2
120,A,1,0,3,75.67,-0.31,1
121,A,-1,1,1.7,51.87,-0.44,1
122,A,1,0,2,61.52,-1.09,4
123,A,1,0,3,77.92,1.92,1
124,A,1,0,3.3,78.24,0.35,3
125,A,1,0,2.3,66.40,-0.17,1
126,A,-1,0,1.7,61.16,0.22,4
127,A,1,1,2.7,70.74,0.74,3
128,A,1,1,3.7,84.83,1.79,1
129,A,1,0,3.3,80.52,0.48,3
130,A,-1,0,2.3,69.13,1.92,1
131,A,-1,0,2,65.17,-1.09,1
132,A,1,1,4,90.67,0.87,1
133,A,-1,0,4,86.31,-0.04,2
134,A,1,0,1,39.24,0.74,1
135,A,1,1,1,43.34,-0.57,1
136,A,1,1,1,44.77,-1.22,1
137,A,1,1,1.7,61.21,-0.57,3
138,A,1,1,1.3,46.19,-0.57,2
139,A,1,0,2.7,70.82,-0.04,1
140,A,1,0,3,76.25,-0.04,1
141,A,-1,1,2.3,69.18,-0.31,4
142,A,-1,0,1.3,48.31,-1.22,2
143,A,1,0,2.7,70.84,1.13,2
144,A,-1,0,3.7,85.66,-0.31,1
145,A,-1,1,2.3,68.49,0.09,4
146,A,1,0,1.7,60.37,0.09,3
147,A,1,0,1.7,55.79,1.53,3
148,A,1,1,3.7,84.60,0.61,4
149,A,-1,0,3.3,77.99,-0.17,3
150,A,-1,0,2.7,71.72,0.74,2
151,A,-1,0,2,65.94,1.26,1
152,A,1,0,3,75.14,1.13,1
153,A,1,0,1.3,51.03,-1.22,1
154,A,1,0,4,87.51,1.79,2
155,A,1,0,1.7,54.34,-0.57,4
156,A,-1,0,1.7,58.63,0.87,3
157,A,1,1,2.3,69.41,-0.31,1
158,A,1,0,1.7,59.83,-1.88,1
159,A,1,0,2.7,73.40,0.35,1
160,A,-1,1,2,65.48,-1.09,1
161,A,-1,0,4,86.82,0.74,5
162,A,1,1,3,75.30,-0.31,1
163,A,-1,0,2.7,73.51,-0.04,2
164,A,-1,0,2,64.23,-0.83,1
165,A,1,0,1.7,57.52,-0.17,3
166,A,1,0,3,75.71,-0.04,1
167,A,1,1,2.7,73.29,0.35,1
168,A,1,1,4,92.24,1.53,3
169,A,1,0,2,65.88,-0.17,3
170,A,-1,0,4,89.76,0.09,3
171,A,-1,0,3.3,80.20,0.87,2
172,A,1,0,2,62.82,-0.31,4
173,A,-1,1,2,62.22,-1.88,2
174,A,1,0,1.7,52.48,-1.61,1
175,A,1,0,2.7,73.68,-0.04,3
176,A,1,0,3,77.81,1.13,3
177,A,1,0,2,64.68,0.22,2
178,A,1,1,1.7,51.78,-1.35,5
179,A,-1,0,2.7,71.65,-0.31,3
180,A,-1,0,1.7,56.13,-0.04,3
181,A,-1,0,2,64.59,-0.44,4
182,A,-1,1,1.3,49.69,0.09,1
183,A,1,1,4,87.84,-0.57,2
184,A,1,0,3.3,78.39,1.13,5
185,A,-1,0,1,45.62,-0.96,5
186,A,1,0,2.7,71.01,-0.57,2
187,A,-1,1,0,25.88,-0.83,2
188,A,1,1,2.7,71.93,-0.04,3
189,A,1,0,1,41.07,-1.09,2
190,A,-1,0,2.3,67.10,1.40,1
191,A,1,0,3.3,80.17,1.40,1
192,A,-1,1,2.3,68.77,-0.17,3
193,A,1,0,3.7,83.31,0.87,1
194,A,-1,0,2.7,74.05,-0.31,1
195,A,1,0,2,63.69,0.61,3
196,A,1,1,2.3,69.96,-0.31,1
197,A,1,0,3,77.52,0.87,3
198,A,1,0,0,26.89,-3.71,1
199,A,1,0,3.3,80.74,-0.83,3
200,A,-1,0,4,88.15,-0.04,3
201,A,1,0,2.3,70.38,-0.04,2
202,A,1,0,3.7,83.21,1.26,1
203,A,1,1,2.7,71.80,-0.04,1
204,A,1,0,2.7,72.96,-1.22,3
205,A,1,0,3,77.77,-0.44,3
206,A,1,1,1.3,48.38,-0.57,3
207,A,1,0,3.7,82.26,1.26,3
208,A,-1,0,2,63.32,-0.44,2
209,A,1,0,2.3,70.54,1.53,2
210,A,1,1,3,76.44,-0.04,1
211,A,1,0,2,61.41,0.74,1
212,A,1,0,2.7,74.51,-0.57,1
213,A,-1,0,2,66.38,-0.57,3
214,A,1,0,1.7,59.85,0.48,1
215,A,-1,1,3,76.49,-0.04,2
216,A,1,0,2.3,68.78,-1.35,1
217,A,1,0,3,76.06,1.79,3
218,A,-1,1,1.7,53.35,-0.04,1
219,A,-1,0,4,91.71,0.61,1
220,A,1,0,4,92.32,0.22,3
221,A,1,0,2.3,68.49,0.74,1
222,A,1,0,2,63.46,1.00,2
223,A,-1,0,3.7,84.34,0.22,3
224,A,-1,0,1.7,58.71,0.61,1
225,A,1,0,3.7,83.89,0.22,3
226,A,1,0,3.3,80.18,-0.83,3
227,A,1,1,2.3,67.79,-0.31,1
228,A,-1,0,4,87.37,1.92,3
229,A,1,0,3.7,85.72,0.48,3
230,A,1,1,2.7,70.94,0.09,1
231,A,1,0,3.3,79.36,0.87,2
232,A,-1,0,1.7,60.09,-0.96,3
233,A,1,0,3.7,82.87,-0.57,1
234,A,1,0,1.7,57.46,0.22,1
235,A,-1,0,NA,4.76,0.87,1
236,A,-1,1,2.3,66.68,-2.14,1
237,A,1,0,3.3,79.81,-1.48,1
238,A,-1,0,3.7,85.74,1.13,1
239,A,1,0,1.7,54.38,0.22,3
240,A,-1,1,0,50.25,-0.04,4
241,A,1,1,4,87.89,-0.04,1
242,A,1,0,2.7,73.65,0.48,4
243,A,-1,0,4,87.80,0.74,1
244,A,1,0,2.7,72.43,0.22,2
245,A,1,1,1.7,51.89,-0.57,4
246,A,1,0,2,64.18,-0.04,1
247,A,1,0,1.3,50.13,-0.83,3
248,A,1,0,2.3,70.04,0.48,2
249,A,1,0,3.7,83.75,-0.44,1
250,A,1,0,2.7,73.56,0.09,1
251,A,-1,0,2,62.27,1.40,2
252,A,1,0,3.7,82.63,0.22,1
253,A,-1,0,1.3,50.05,-0.31,5
254,A,-1,1,1.7,56.32,-1.35,4
255,A,1,1,2.7,71.52,-0.96,5
256,A,1,0,3.7,84.05,-0.04,5
257,A,1,0,2.7,73.84,-0.70,3
258,A,1,1,1.7,59.31,-1.35,1
259,A,-1,1,3.7,83.50,0.09,1
260,A,1,0,2.7,72.44,-0.31,1
261,A,-1,1,2,62.49,-1.09,5
262,A,-1,0,2,65.76,-0.96,3
263,A,-1,0,3.3,78.87,0.48,1
264,A,1,1,1.7,58.05,-0.31,1
265,A,-1,0,1.3,47.86,-0.04,2
266,A,1,0,2.3,66.68,-0.57,3
267,A,-1,1,3.7,83.07,0.48,2
268,A,-1,0,3.7,85.79,1.79,1
269,A,-1,0,2,61.38,-0.04,3
270,A,1,0,2.7,74.44,-0.57,1
271,A,-1,0,1.7,49.59,0.09,5
272,A,1,0,4,93.56,0.61,3
273,A,1,0,2.3,70.46,0.61,3
274,A,1,1,3.7,83.41,-0.57,1
275,A,-1,1,1.7,53.55,-1.22,4
276,A,-1,0,2,61.69,-0.04,3
277,A,1,1,4,90.34,0.61,2
278,A,-1,1,2,63.00,-3.71,2
279,A,-1,0,3,75.98,0.87,4
280,A,-1,0,1.7,51.82,-0.57,2
281,A,1,0,4,89.51,1.00,1
282,A,1,0,2.3,66.97,0.22,1
283,A,1,0,3.3,77.99,1.53,2
284,A,-1,0,3.3,80.34,-0.44,2
285,A,1,1,1.7,50.89,-0.44,1
286,A,1,0,3.3,81.12,0.22,1
287,A,1,0,3.3,80.98,-0.31,1
288,A,1,0,2.3,67.75,-0.17,1
289,A,-1,0,2,61.69,-0.31,1
290,A,-1,0,2.3,66.80,-1.74,1
291,A,-1,1,2.7,72.21,0.22,1
292,A,-1,1,3.3,78.88,0.09,2
293,A,-1,0,3,77.08,0.22,1
294,A,1,0,1,40.30,1.13,4
295,A,1,0,3.3,79.88,1.13,3
296,A,-1,0,3.7,83.62,0.74,4
297,A,-1,1,2,64.47,-0.57,5
298,A,-1,0,3,75.25,0.22,2
299,A,-1,0,1.7,55.48,-2.14,2
300,A,1,1,3.3,79.95,0.09,5
301,A,1,0,1.7,56.29,-1.09,3
302,A,1,0,1.7,53.97,-0.96,1
303,A,1,0,2,64.28,0.61,2
304,A,-1,0,2.7,74.41,0.22,3
305,A,1,0,2,62.57,-0.31,4
306,A,-1,0,2,65.52,2.05,1
307,A,1,0,4,93.76,0.61,1
308,A,-1,1,3,75.15,-0.70,1
309,A,-1,0,1,37.66,-2.01,4
310,A,-1,0,4,89.73,1.79,3
311,A,1,0,3.3,81.06,1.79,1
312,A,-1,0,3.7,82.26,-0.57,3
313,A,-1,0,4,98.15,0.09,2
314,A,1,0,2,65.71,-0.04,3
315,A,-1,0,4,92.37,-0.31,3
316,A,-1,0,2,62.84,-1.09,1
317,A,1,0,2.3,66.47,-0.57,5
318,A,1,0,2.3,69.41,0.74,3
319,A,1,1,3.3,78.95,-0.04,2
320,A,1,0,2.3,70.03,-0.17,3
321,A,1,0,1.7,51.96,-0.17,1
322,A,1,1,3,75.20,-0.04,4
323,A,-1,0,3.7,83.51,1.26,3
324,A,1,0,1.7,61.61,-0.44,1
325,A,1,0,2.7,72.04,-1.35,2
326,A,1,0,3.3,78.85,1.92,1
327,A,1,0,2,64.59,-0.31,2
328,A,-1,1,2,62.85,-1.35,2
329,A,1,0,1.7,61.00,-0.04,1
330,A,1,0,2.3,69.24,-0.04,3
331,A,-1,1,2.7,73.85,0.09,1
332,A,1,0,2.3,66.71,1.13,1
333,A,-1,0,4,92.92,1.66,5
334,A,-1,0,3,76.09,0.09,1
335,A,1,0,3.7,82.71,1.53,1
336,A,1,0,3,76.04,-0.04,3
337,A,-1,0,3,76.06,1.66,3
338,A,1,0,1.7,61.14,-0.04,1
339,A,-1,0,2,64.40,-1.09,1
340,A,1,1,2.3,69.02,0.22,4
341,A,1,1,2.7,72.99,-0.04,3
342,A,-1,0,2,63.05,1.53,3
343,A,1,0,3.7,85.87,1.00,3
344,A,1,1,0,33.19,-2.66,1
345,A,-1,0,2.3,70.70,-1.09,2
346,A,1,0,2.3,69.76,-0.31,2
347,A,1,1,3,74.66,0.74,1
348,A,-1,0,3,77.11,1.92,2
349,A,-1,1,2,64.96,1.92,3
350,A,1,1,1.7,56.37,-0.70,1
351,A,1,0,3,77.95,-0.83,1
352,A,-1,0,3,75.19,0.48,1
353,A,1,0,2.3,69.23,-0.17,1
354,A,1,0,4,90.33,0.61,2
355,A,-1,0,4,88.16,1.13,3
356,A,1,0,1.7,52.31,0.61,2
357,A,-1,0,2,61.98,-0.57,2
358,A,1,1,2.3,69.72,-0.04,2
359,A,1,0,2.3,66.39,-0.17,4
360,A,1,1,2.3,69.73,-0.31,1
361,A,1,0,4,87.06,-0.31,1
362,A,1,1,3.3,78.08,-0.31,5
363,A,1,1,1.7,61.42,-0.57,1
364,A,1,0,3,75.82,1.53,1
365,A,1,1,2.7,73.48,-1.35,1
366,A,-1,1,1.7,58.52,-0.57,3
367,A,1,0,0,33.72,-1.61,1
368,A,1,0,2.7,74.02,0.22,3
369,A,1,0,4,90.93,1.40,1
370,A,-1,0,2.7,71.56,1.13,4
371,A,1,0,2.7,72.38,-0.31,3
372,A,1,1,3.3,81.28,1.00,2
373,A,-1,1,2.7,71.92,0.35,1
374,A,1,0,3,76.05,0.09,1
375,A,1,0,3.7,85.13,0.22,4
376,A,-1,0,3,76.75,-0.96,1
377,A,1,0,3.3,81.21,0.09,3
378,A,1,0,3.3,78.44,0.35,1
379,A,1,0,3.7,83.74,0.48,3
380,A,-1,0,2.3,69.93,0.48,4
381,A,1,0,1.7,51.92,-0.44,1
382,A,-1,1,1.7,55.11,0.35,5
383,A,1,0,4,92.36,1.92,1
384,A,1,0,3.7,83.89,0.48,1
385,A,1,1,1.7,59.68,-0.17,1
386,A,1,0,3,74.80,0.48,2
387,A,1,1,3,75.52,-2.79,1
388,A,1,0,2.7,73.83,0.48,3
389,A,1,1,3,76.69,-1.09,5
390,A,1,0,3.3,81.70,1.92,2
391,A,-1,0,2,64.06,-0.57,2
392,A,-1,0,1.7,53.31,0.48,1
393,A,1,0,2.7,71.78,-0.96,2
394,A,1,1,1.7,54.42,-1.22,1
395,A,1,0,3,76.35,0.35,3
396,A,-1,0,2,64.96,1.53,1
397,A,1,0,2,61.31,-0.57,3
398,A,-1,1,NA,13.46,0.09,1
399,A,-1,0,3.7,85.21,0.74,1
400,A,-1,0,3.3,80.32,0.09,3
401,A,1,0,3.7,85.96,-0.04,1
402,A,1,0,2.3,69.44,1.79,1
403,A,1,0,2,64.97,-0.17,2
404,A,1,1,2.3,67.52,1.00,1
405,A,1,1,1.7,50.79,-0.57,1
406,A,1,1,2.3,66.99,0.35,2
407,A,1,0,4,92.11,1.00,4
408,A,-1,0,4,89.50,1.13,2
409,A,1,0,3.3,80.02,1.13,2
410,A,1,1,3.3,80.48,0.61,3
411,A,1,0,4,89.10,0.09,3
412,A,1,0,1.3,49.84,-0.83,1
413,A,1,0,2.7,74.10,-1.35,2
414,A,-1,0,4,93.55,1.00,1
415,A,-1,1,3.7,82.48,-0.96,3
416,A,1,0,3.3,78.95,-0.31,2
417,A,-1,0,2.7,74.35,-0.83,1
418,A,1,1,2.7,74.54,-1.88,2
419,A,-1,1,1.7,56.32,0.48,1
420,A,1,0,2,65.98,0.22,1
421,A,-1,0,4,90.31,0.74,1
422,A,1,0,3.3,78.53,0.74,2
423,A,1,0,4,90.48,2.05,4
424,A,1,1,2.7,72.04,-0.83,4
425,A,1,0,2.7,74.23,0.87,3
426,A,-1,1,2.3,68.25,1.79,2
427,A,1,0,2,62.84,1.53,1
428,A,-1,1,2.3,69.15,-0.44,1
429,A,1,0,1.7,60.53,-1.22,2
430,A,1,1,3,75.54,0.48,5
431,A,-1,0,4,86.14,1.79,3
432,A,-1,0,3.3,80.10,-0.04,1
433,A,-1,0,1.7,54.08,-1.09,3
434,A,1,1,3.7,85.93,0.35,4
435,A,1,0,3.7,85.80,0.35,3
436,A,-1,0,2.3,68.52,-0.31,1
437,A,-1,0,3,74.96,1.13,1
438,A,-1,0,2.3,67.54,0.61,2
439,A,1,1,1.7,59.34,0.22,1
440,A,-1,0,4,91.85,0.74,2
441,A,-1,0,2.7,71.39,0.48,1
442,A,-1,0,2.7,73.86,0.22,1
443,A,-1,0,2.3,69.22,-0.31,1
444,A,-1,0,2.7,71.81,-0.31,1
445,A,-1,0,3,75.72,1.53,1
446,A,-1,0,2.7,73.31,0.74,1
447,A,1,1,1.7,52.65,-0.44,2
448,A,-1,0,1.7,58.96,-0.04,1
449,A,-1,0,2.3,69.63,1.26,4
450,A,-1,0,3.7,85.63,0.48,3
451,A,1,0,1.7,55.13,-3.05,2
452,A,1,0,1.7,56.73,-0.04,2
453,A,1,1,2.3,68.75,0.22,3
454,A,1,0,1.7,59.38,-0.17,1
455,A,-1,0,3.7,83.96,1.79,1
456,A,1,1,1,35.81,-0.31,4
457,A,1,0,2.3,68.31,-0.83,2
458,A,1,0,3.7,85.02,1.00,2
459,A,1,0,2.3,67.51,-0.31,3
460,A,-1,0,2.7,72.40,-0.83,2
461,A,1,1,1,44.32,-0.31,5
462,A,-1,0,3,78.09,0.48,1
463,A,1,1,3.3,79.56,1.79,1
464,A,1,0,1.7,52.13,-0.57,1
465,B,1,1,2.7,74.15,1.54,2
466,B,1,0,2.3,68.89,-0.02,1
467,B,-1,1,1.7,62.10,1.15,1
468,B,1,0,3.7,86.91,2.07,4
469,B,1,1,1.3,52.51,-2.50,3
470,B,1,0,4,87.97,0.89,3
471,B,-1,1,1.7,64.32,-0.67,3
472,B,1,0,3.3,80.40,1.28,3
473,B,-1,0,3,75.13,-0.28,2
474,B,1,0,1.7,64.85,-0.02,3
475,B,-1,1,2.3,70.70,-0.54,1
476,B,-1,0,3.3,79.10,-0.28,3
477,B,1,0,2,65.64,-0.02,1
478,B,1,0,3,77.19,-0.02,1
479,B,-1,1,3,76.49,0.63,1
480,B,1,0,2,69.17,-1.07,2
481,B,-1,0,3.3,78.73,1.02,2
482,B,-1,1,2.3,70.70,-0.02,1
483,B,-1,0,4,99.32,0.50,4
484,B,1,1,2.7,72.11,-0.28,1
485,B,1,0,2.7,71.63,-0.15,4
486,B,-1,0,3,75.63,-0.54,3
487,B,-1,0,1.3,53.62,1.54,5
488,B,1,0,3.3,78.82,0.11,3
489,B,-1,1,2,67.54,1.67,2
490,B,1,1,3.7,84.43,0.63,1
491,B,1,0,2.7,72.47,0.11,4
492,B,-1,0,2.3,71.52,-0.28,2
493,B,1,0,3,75.80,-0.15,3
494,B,1,1,3.7,83.58,0.37,1
495,B,1,1,1.3,52.04,-0.81,3
496,B,-1,0,1.7,62.48,-1.33,3
497,B,-1,0,3.7,83.22,1.54,1
498,B,-1,0,2.7,72.18,0.11,5
499,B,1,0,2.7,73.95,-0.28,1
500,B,1,1,1.7,56.33,-1.59,1
501,B,1,0,4,90.53,0.50,4
502,B,-1,1,3,77.45,0.24,1
503,B,1,0,3.7,84.49,-0.15,1
504,B,-1,0,1.7,64.05,-1.72,2
505,B,-1,0,3,76.59,-0.94,1
506,B,1,0,1.7,62.38,0.24,4
507,B,-1,0,3.3,80.18,1.93,4
508,B,-1,0,1.7,63.80,0.11,3
509,B,-1,1,4,89.42,-0.02,1
510,B,1,0,2.7,73.40,0.37,4
511,B,-1,1,3.3,81.99,0.50,1
512,B,1,0,3.7,83.52,-1.59,4
513,B,-1,1,1.7,60.49,0.24,1
514,B,1,0,3,76.83,-0.02,3
515,B,1,0,4,91.48,1.67,2
516,B,-1,0,2,66.62,-0.02,1
517,B,1,0,2,67.74,-0.54,3
518,B,-1,1,3.7,83.27,0.50,1
519,B,1,0,4,92.38,0.11,3
520,B,1,1,3.3,80.78,0.63,1
521,B,1,1,3,78.19,-0.02,2
522,B,-1,0,3,78.24,-0.15,1
523,B,1,1,4,87.96,0.11,3
524,B,1,0,3.7,83.61,0.37,3
525,B,-1,0,4,90.78,0.89,3
526,B,1,1,1.7,62.44,-1.07,4
527,B,-1,1,2,66.32,1.15,2
528,B,-1,0,1.3,54.17,-0.94,2
529,B,-1,0,1.7,57.54,0.24,1
530,B,1,0,4,87.51,0.89,3
531,B,1,0,1.7,60.81,0.89,2
532,B,1,1,1.7,63.34,-1.33,1
533,B,1,1,3.3,79.54,0.50,1
534,B,1,0,2,67.70,-0.28,4
535,B,-1,0,4,92.42,1.80,3
536,B,1,0,2.7,72.04,0.63,5
537,B,-1,1,2.3,69.79,0.24,1
538,B,-1,0,2,68.71,-0.02,1
539,B,1,0,1.7,63.24,1.80,1
540,B,1,0,3,77.07,-0.54,1
541,B,1,1,2.3,70.17,-0.02,1
542,B,1,0,4,87.06,-0.15,1
543,B,-1,1,1,50.28,0.24,4
544,B,-1,0,3.7,82.78,0.76,3
545,B,-1,0,1.7,59.79,0.11,3
546,B,1,0,1,45.69,-0.81,3
547,B,1,1,3,78.04,1.15,1
548,B,1,0,4,92.71,-0.02,2
549,B,-1,0,3.7,86.64,0.50,2
550,B,1,0,3,74.83,1.93,2
551,B,1,0,3.7,86.43,-0.02,5
552,B,-1,0,1.7,56.05,-1.46,1
553,B,1,1,4,87.43,1.15,4
554,B,1,1,3,75.34,0.76,1
555,B,1,1,2.3,70.36,0.63,1
556,B,1,1,2,67.41,1.80,1
557,B,-1,0,3,75.14,-0.41,1
558,B,1,0,3.3,80.01,0.11,3
559,B,1,0,1.7,54.81,-0.02,3
560,B,-1,0,3.3,81.62,1.67,5
561,B,1,0,1.3,53.70,1.93,2
562,B,1,1,3,76.66,0.50,1
563,B,-1,0,1,40.40,-0.94,1
564,B,1,0,3.7,86.56,1.28,4
565,B,1,0,2.3,69.96,-0.28,1
566,B,1,0,1,46.81,-0.28,3
567,B,-1,1,1.7,64.69,-0.81,2
568,B,1,0,2,67.65,0.37,1
569,B,1,0,2.7,72.30,0.89,4
570,B,1,1,3,77.18,1.80,1
571,B,-1,0,2,68.01,0.37,1
572,B,1,0,4,94.70,0.24,1
573,B,-1,0,2.7,73.92,-0.28,1
574,B,1,0,4,92.71,0.63,2
575,B,-1,0,4,89.43,0.24,1
576,B,1,1,2.3,71.35,-0.28,1
577,B,1,0,4,91.45,1.54,4
578,B,-1,0,2.7,74.04,-1.46,3
579,B,1,1,2.3,71.04,-0.67,1
580,B,1,0,4,88.83,0.63,5
581,B,-1,0,1.7,58.17,-1.33,1
582,B,1,1,3.3,80.41,-0.81,1
583,B,1,0,3.7,86.14,0.89,5
584,B,1,0,3.3,78.90,0.76,2
585,B,1,0,3,75.03,0.50,4
586,B,-1,0,4,93.51,1.67,4
587,B,-1,0,1.3,52.06,-0.28,1
588,B,1,0,4,89.07,0.37,3
589,B,-1,0,3.3,82.36,0.24,1
590,B,1,0,3,75.21,0.11,4
591,B,-1,0,3.3,82.63,0.37,1
592,B,-1,1,2,65.82,-0.54,1
593,B,1,1,4,92.27,1.54,1
594,B,-1,0,0,26.22,-3.02,1
595,B,-1,0,4,94.90,1.15,1
596,B,1,1,3.3,82.18,1.54,1
597,B,1,0,3,77.14,-0.41,4
598,B,1,0,2,67.47,0.37,1
599,B,1,0,3.7,84.62,-0.28,4
600,B,1,0,2.3,70.94,-0.81,3
601,B,-1,0,1.3,51.81,-1.33,3
602,B,1,1,3,77.84,-1.07,1
603,B,1,0,3.3,78.76,0.11,5
604,B,-1,0,3.3,82.63,-0.41,1
605,B,-1,0,1.7,56.07,-0.28,2
606,B,-1,1,2,65.29,0.24,2
607,B,-1,0,3.7,84.76,0.76,4
608,B,1,0,1.7,56.72,-0.28,1
609,B,-1,0,2.3,70.37,0.37,3
610,B,-1,1,3.7,84.23,-0.28,1
611,B,1,0,1.7,56.11,-0.41,3
612,B,1,0,2.7,71.52,-0.02,3
613,B,1,1,1.7,60.49,-2.63,1
614,B,-1,0,3.3,79.28,1.15,1
615,B,1,0,1,42.88,-1.20,1
616,B,1,0,2.3,69.61,-1.07,3
617,B,1,0,0,36.67,-1.72,1
618,B,1,0,2.7,72.94,-0.81,3
619,B,-1,1,2,65.47,0.76,1
620,B,1,0,0,24.04,0.76,3
621,B,-1,1,2.7,74.16,0.50,1
622,B,-1,0,1.7,63.06,-0.02,3
623,B,-1,0,2,67.27,-0.02,3
624,B,-1,0,2.3,69.44,-1.33,2
625,B,1,1,2.7,74.07,-0.54,1
626,B,-1,0,1.7,58.83,0.37,1
627,B,-1,0,3.7,85.37,0.50,3
628,B,1,1,3,74.57,-0.54,4
629,B,1,0,1.7,60.60,-0.02,1
630,B,-1,0,1.7,56.32,-0.28,2
631,B,1,0,3,74.22,0.50,4
632,B,1,0,2.3,69.87,-0.02,2
633,B,1,1,0.7,38.56,-2.24,5
634,B,1,1,1.7,63.48,0.24,2
635,B,-1,0,3.3,81.92,0.11,1
636,B,-1,1,0,8.70,-3.28,1
637,B,-1,0,3.3,80.57,0.50,2
638,B,-1,0,2,68.19,-0.67,1
639,B,1,0,2,69.01,0.50,2
640,B,-1,0,4,88.26,-0.28,3
641,B,1,0,2.7,72.21,-0.54,1
642,B,1,1,1.7,64.70,-1.20,2
643,B,1,0,2,67.76,-0.02,3
644,B,1,0,2,65.48,-1.33,3
645,B,-1,0,0,25.12,-0.28,5
646,B,1,1,4,88.29,-0.28,1
647,B,1,1,2.7,72.61,0.24,4
648,B,1,0,1.3,50.90,0.63,3
649,B,-1,0,1.7,64.49,0.50,1
650,B,1,0,3,77.45,-0.81,1
651,B,1,1,3.7,85.42,0.37,3
652,B,1,0,2,69.02,-1.59,1
653,B,1,0,2.3,71.07,0.50,1
654,B,-1,0,3.3,79.16,0.11,4
655,B,-1,0,3,74.40,0.11,2
656,B,1,0,3.7,83.41,0.24,3
657,B,1,0,4,89.75,-0.41,1
658,B,1,0,3,76.03,0.37,1
659,B,1,0,0.7,39.84,0.11,3
660,B,1,0,3.7,84.37,1.54,3
661,B,1,0,1.7,54.91,-0.02,5
662,B,1,0,3.3,82.02,0.11,1
663,B,1,0,3.3,82.77,0.37,1
664,B,-1,1,3.3,78.62,0.50,1
665,B,1,0,3,75.73,0.76,3
666,B,1,0,1.3,53.60,-1.33,5
667,B,1,0,1,42.36,-0.28,1
668,B,1,0,3,78.28,-0.02,2
669,B,1,0,3.7,84.02,-0.28,3
670,B,1,0,1.7,54.96,-1.07,2
671,B,-1,0,2.3,69.55,-1.07,4
672,B,1,0,3.7,84.79,0.50,1
673,B,1,0,1,42.15,-0.54,1
674,B,-1,0,1.7,61.91,0.11,1
675,B,-1,0,3.7,83.47,0.24,1
676,B,-1,0,3,77.71,0.24,2
677,B,1,0,3.7,83.11,1.54,1
678,B,1,0,2.3,70.82,0.37,1
679,B,-1,0,2.3,70.41,-2.63,2
680,B,1,0,2,66.59,-1.07,2
681,B,1,0,3,77.72,1.67,1
682,B,-1,0,0,38.12,-1.20,3
683,B,-1,0,1.7,54.99,0.11,1
684,B,1,1,4,89.14,-0.41,1
685,B,1,0,1.7,60.82,-1.59,1
686,B,1,1,3.7,86.91,1.54,1
687,B,1,0,2.3,70.52,0.50,3
688,B,-1,0,1.3,53.95,0.24,1
689,B,-1,0,4,93.63,0.63,3
690,B,1,1,2.7,71.83,1.15,4
691,B,1,0,3.3,82.74,0.24,3
692,B,-1,1,1,50.90,-0.54,1
693,B,-1,0,4,96.34,1.15,1
694,B,1,0,1.7,58.41,-1.72,1
695,B,1,0,4,88.73,0.50,2
696,B,1,0,3.3,78.66,-0.02,3
697,B,1,0,3.7,86.57,-0.54,1
698,B,1,0,2,66.83,0.24,1
699,B,1,0,4,88.86,0.76,2
700,B,1,1,3,78.51,0.24,1
701,B,1,0,4,94.38,0.50,1
702,B,-1,0,2,66.87,-0.81,1
703,B,1,1,1.7,56.65,-0.02,1
704,B,-1,0,4,88.83,0.11,1
705,B,1,0,3,75.17,-0.02,3
706,B,1,0,1.7,57.70,0.24,1
707,B,1,0,3.7,86.08,0.63,3
708,B,1,0,3,74.68,0.50,1
709,B,-1,0,3,74.21,0.24,3
710,B,-1,1,1.7,58.45,-1.85,2
711,B,1,0,3,76.60,-0.54,3
712,B,1,0,1.3,51.58,-1.07,3
713,B,1,1,3.7,84.13,-0.41,1
714,B,1,0,4,91.83,1.15,3
715,B,-1,0,3,77.51,-0.28,4
716,B,1,1,4,88.91,1.41,1
717,B,1,1,4,94.77,1.67,1
718,B,1,0,2.3,70.54,-1.07,2
719,B,-1,0,1.7,61.15,-0.94,1
720,B,1,0,1.7,57.80,0.37,1
721,B,1,1,0,18.36,1.54,1
722,B,-1,0,1,44.99,-0.02,3
723,B,-1,0,3,76.13,0.63,3
724,B,-1,0,1.7,63.11,-0.81,1
725,B,1,0,3,74.22,-0.15,3
726,B,1,0,3.3,80.23,0.50,4
727,B,-1,1,3,75.51,-0.02,4
728,B,1,0,2,67.95,-0.02,3
729,B,1,1,1.7,59.15,-0.28,1
730,B,1,0,1.3,54.19,-1.07,3
731,B,1,0,1.7,62.94,-1.59,3
732,B,1,1,1.7,61.37,0.11,1
733,B,1,0,1.7,60.58,-0.02,2
734,B,1,0,3.3,78.89,-0.54,3
735,B,1,1,1.7,63.46,-0.41,1
736,B,1,1,1.7,60.13,-0.54,4
737,B,1,0,3,77.46,1.15,3
738,B,1,0,2.7,71.98,2.07,5
739,B,-1,0,1.7,55.46,-1.85,1
740,B,1,0,3.7,85.41,1.15,1
741,B,1,1,3.7,86.80,-0.15,4
742,B,-1,0,2.3,69.87,-0.28,5
743,B,1,1,4,89.21,0.24,1
744,B,-1,0,2.7,72.98,-0.02,2
745,B,-1,0,1.7,57.58,-0.02,4
746,B,1,0,4,94.81,1.54,4
747,B,1,0,2,68.19,0.50,1
748,B,-1,0,2.7,72.02,-0.02,1
749,B,1,0,2.3,71.25,1.67,2
750,B,1,1,1.7,60.62,-0.02,1
751,B,1,1,2,68.54,-1.20,1
752,B,1,0,2.3,69.76,0.24,3
753,B,-1,1,1.7,62.50,-0.54,1
754,B,1,0,4,87.46,0.76,3
755,B,1,0,1.7,60.91,-0.28,2
756,B,1,0,2.7,72.01,0.76,4
757,B,1,0,3.3,79.72,0.50,4
758,B,1,0,3.3,82.54,0.50,1
759,B,1,0,4,89.81,1.54,5
760,B,1,0,1.7,62.70,-0.02,4
761,B,1,1,1.7,62.37,-0.54,1
762,B,1,0,2,67.56,1.15,3
763,B,-1,0,3,74.22,0.11,2
764,B,1,0,3.3,78.78,0.63,2
765,B,1,0,3.3,82.45,-0.81,1
766,B,1,0,3,76.47,0.24,1
767,B,1,0,2.3,70.94,-0.02,5
768,B,-1,0,1.7,58.18,-0.02,5
769,B,1,0,2.7,73.60,0.24,4
770,B,1,0,3.3,82.00,0.11,3
771,B,-1,0,3,74.86,1.15,5
772,B,-1,0,3,76.73,0.37,1
773,B,-1,0,4,88.50,0.24,1
774,B,-1,0,2,68.39,-0.41,4
775,B,1,0,3.7,83.34,1.15,4
776,B,1,0,2.7,73.04,0.11,5
777,B,1,0,3.3,79.57,-0.28,2
778,B,-1,0,3.3,80.07,-0.41,2
779,B,1,0,2.3,69.93,-0.54,2
780,B,1,1,1.7,62.26,-0.81,2
781,B,1,1,2.3,71.21,-0.02,3
782,B,1,1,3.7,85.20,-0.54,3
783,B,-1,0,3,77.12,0.37,2
784,B,-1,1,3.3,80.48,-0.54,1
785,B,1,0,2,67.91,0.24,3
786,B,-1,0,1.7,64.56,0.76,2
787,B,-1,1,1,49.68,-2.11,1
788,B,1,0,2.7,74.00,1.54,3
789,B,1,1,3.3,79.44,-0.41,2
790,B,-1,1,1.7,57.10,-0.67,2
791,B,1,0,2,65.56,-0.28,5
792,B,-1,0,2.7,71.84,-0.02,3
793,B,-1,0,2.7,72.83,0.76,3
794,B,-1,0,3,76.72,-0.02,1
795,B,-1,0,4,89.00,1.15,3
796,B,-1,0,2.3,70.02,-0.28,3
797,B,1,0,2,67.54,-0.28,1
798,B,1,1,3,75.39,0.37,1
799,B,1,0,3.3,79.04,-0.28,1
800,B,1,0,2,67.22,0.50,1
801,B,-1,0,2.3,69.78,0.11,3
802,B,1,0,2.7,71.90,0.24,3
803,B,1,0,3.3,81.68,0.50,2
804,B,1,1,2.3,69.52,-0.02,2
805,B,-1,0,2.3,70.72,0.50,1
806,B,-1,0,2,68.24,-0.15,4
807,B,1,1,2,65.68,-0.28,1
808,B,-1,1,2,65.49,-0.28,1
809,B,-1,0,1.3,54.48,-1.46,2
810,B,-1,0,3.7,86.24,-0.15,1
811,B,-1,0,3,74.96,0.50,1
812,B,1,1,1.7,58.67,-0.28,1
813,B,1,0,3,75.42,-0.02,3
814,B,-1,0,1.7,55.91,-0.81,4
815,B,-1,1,2.3,71.49,-0.81,2
816,B,-1,0,3,77.95,1.54,2
817,B,1,0,3,76.15,-0.02,4
818,B,1,0,3,77.83,0.76,1
819,B,1,0,3,74.72,-0.02,1
820,B,-1,1,2.3,70.75,-0.94,3
821,B,-1,0,2.7,72.08,-0.54,3
822,B,-1,0,2.7,74.15,0.24,1
823,B,-1,0,2,68.32,-0.81,3
824,B,1,0,3.7,83.48,1.02,3
825,B,1,0,3,76.75,-0.81,3
826,B,-1,0,4,88.98,1.02,3
827,B,1,0,1.7,61.80,0.37,4
828,B,1,0,3,78.15,-0.41,3
829,B,-1,0,4,89.35,0.76,3
830,B,1,0,3.3,80.14,0.11,3
831,B,1,0,2,65.89,-0.54,3
832,B,1,0,3.7,83.67,0.89,4
833,B,1,1,2.7,71.97,-0.02,2
834,B,1,0,1.7,60.91,-0.54,3
835,B,1,0,2.7,72.38,-0.81,5
836,B,1,0,2.7,71.81,-0.67,1
837,B,-1,1,4,87.68,-0.28,3
838,B,1,0,3.7,85.79,0.24,1
839,B,1,0,3.7,82.84,0.63,3
840,B,-1,0,3.7,84.26,-0.02,1
841,B,1,0,2,67.33,0.24,2
842,B,-1,0,1.7,64.34,2.07,4
843,B,-1,0,4,87.92,0.50,2
844,B,1,0,4,90.42,0.63,3
845,B,-1,0,4,87.49,1.80,3
846,B,1,0,3,77.94,0.50,3
847,B,1,0,2,66.94,1.15,2
848,B,1,0,2.3,69.68,1.54,3
849,B,-1,0,1.7,55.46,-0.28,3
850,B,1,1,2.7,73.27,-0.02,4
851,B,1,1,4,89.36,1.80,1
852,B,-1,1,1.7,58.72,-2.37,1
853,B,-1,0,3.7,86.11,1.67,1
854,B,1,0,3.7,85.57,-1.59,3
855,B,-1,1,2.3,71.06,1.28,1
856,B,1,0,2.7,73.88,0.37,1
857,B,1,0,2,68.91,-0.02,2
858,B,-1,1,3,78.19,-0.81,2
859,B,1,1,3.3,79.71,-0.41,1
860,B,-1,0,3.3,82.35,1.54,3
861,B,-1,1,2.3,69.98,0.63,1
862,B,1,0,2,68.87,-0.02,2
863,B,-1,1,0.7,38.91,0.11,3
864,B,-1,1,2,69.25,-0.02,2
865,B,-1,0,1.7,59.89,-1.72,3
866,B,1,0,1,49.22,-0.81,4
867,B,1,0,2,68.06,1.02,5
868,B,1,0,1,45.99,-0.28,3
869,B,1,0,2.3,70.89,1.02,4
870,B,1,0,3.7,86.64,0.50,4
871,B,-1,0,2.7,72.23,0.89,3
872,B,-1,0,2,68.41,1.15,4
873,B,-1,0,2,67.74,-1.59,1
874,B,1,0,2.7,71.55,1.15,3
875,B,1,0,2,69.19,0.37,5
876,B,1,1,3,76.69,0.63,1
877,B,1,1,1.7,55.84,-3.02,2
878,B,-1,0,3,74.29,0.76,3
879,B,1,0,3.7,85.93,0.50,3
880,B,1,0,1,49.44,-1.07,4
881,B,-1,0,4,89.58,2.07,1
882,B,1,1,1.7,62.08,0.24,1
883,B,1,0,1,41.98,0.37,1
884,B,1,0,3,75.26,0.50,4
885,B,-1,1,2.7,73.61,1.15,3
886,B,-1,0,3.7,85.04,-0.02,2
887,B,-1,1,2.3,70.46,-0.54,4
888,B,1,0,4,90.90,0.24,3
889,B,-1,1,3,78.40,0.11,1
890,B,1,1,4,89.55,1.80,1
891,B,1,0,2.7,71.78,-0.02,3
892,B,-1,1,3,76.71,0.37,1
893,B,-1,1,2,65.18,-0.02,1
894,B,1,0,2,65.94,0.24,3
895,B,1,1,1.3,53.53,-2.11,1
896,B,1,0,3.3,80.14,0.37,4
897,B,1,0,1.3,53.64,-0.02,3
898,B,-1,1,2.7,73.31,-2.63,3
899,B,-1,0,1.7,64.40,-2.63,2
900,B,1,0,1.7,56.56,0.11,3
901,B,1,0,1.7,61.36,0.76,4
902,B,-1,0,4,92.66,1.67,1
903,B,1,0,3.3,81.48,-0.02,1
904,B,1,0,1.7,57.13,-0.02,1
905,B,1,1,3.3,82.52,-2.24,2
906,B,-1,1,2,67.41,-0.28,1
907,B,-1,1,2,67.63,-0.81,1
908,B,-1,1,3.3,82.33,-1.20,1
909,B,-1,1,3,77.48,0.11,1
910,B,-1,1,4,92.00,-0.15,1
911,B,1,0,4,89.90,0.63,1
912,B,1,0,3,76.18,0.50,2
913,B,1,0,3.3,81.82,0.89,3
914,B,1,1,2,68.46,-1.85,2
915,B,1,0,0,37.22,-0.28,3
916,B,1,0,3.3,79.39,-0.28,5
917,B,1,1,1.7,58.90,-0.94,2
918,B,-1,0,2.3,70.69,-1.33,3
919,B,1,0,2,67.75,0.11,1
920,B,1,0,4,91.20,0.24,3
921,B,1,0,3.7,84.29,0.24,1
922,B,1,1,1.7,65.05,-2.11,2
923,B,1,0,2,67.79,-0.54,3
924,B,-1,0,4,94.04,1.67,1
925,B,-1,0,3.7,82.96,-0.28,4
926,B,1,0,3,78.03,0.50,3
927,B,1,0,4,96.93,0.50,3
928,B,-1,1,2.3,71.38,-0.54,2
929,B,1,1,3.3,78.83,0.37,1
930,B,1,1,3,78.47,-0.28,1
931,B,-1,1,2.3,70.40,0.24,2
932,B,1,1,2,66.90,-1.46,3
933,B,1,1,3,74.53,0.37,1
934,B,-1,1,2.7,71.60,-0.41,1
935,B,-1,0,1.7,64.75,-0.02,5
936,B,1,1,1.7,56.76,-0.54,1
937,B,-1,1,4,90.28,-0.28,2
938,B,1,0,1.3,52.55,-2.76,2
939,B,-1,0,4,88.39,1.80,4
940,B,-1,0,3.7,83.83,-0.28,1
941,B,-1,0,2,69.34,1.15,1
942,B,1,0,2.3,71.07,-0.28,1
943,B,-1,1,3.3,81.64,-0.28,1
944,B,-1,1,2,67.63,-0.28,1
945,B,-1,0,4,90.73,1.28,3
946,B,1,0,4,86.99,-0.54,5
947,B,1,0,3.7,86.64,1.15,3
948,B,1,1,3,76.90,1.41,4
949,B,1,1,1.7,60.76,-1.33,1
950,B,-1,1,2,65.80,-0.28,1
951,B,-1,0,3,74.68,-0.02,1
952,B,-1,1,3.7,83.98,-0.15,1
953,B,1,0,1.7,63.01,-3.68,1
954,B,1,0,3,78.47,1.80,4
955,B,-1,0,2.3,70.34,-0.02,1
956,B,-1,1,1.7,64.97,-0.02,1
957,B,1,0,3.3,79.06,0.50,1
958,B,-1,0,2.7,73.67,-0.28,3
959,B,1,0,4,89.42,1.67,3
960,B,1,0,2.3,70.64,-1.59,3
961,B,-1,0,2.7,72.52,-0.28,4
962,B,1,0,1.3,53.71,-2.37,2
963,B,1,0,1.7,56.74,1.54,1
964,B,1,0,3.7,85.79,0.50,2
965,B,1,0,4,92.02,1.80,1
966,B,-1,0,3.7,85.60,0.76,1
967,B,1,0,2,67.32,-1.33,2
968,B,1,1,1.7,64.39,-0.54,1
969,B,1,1,3.7,84.98,0.24,1
970,B,-1,0,4,87.20,0.76,1
971,B,-1,0,2.7,73.55,0.76,3
972,B,-1,0,3.7,85.86,0.50,2
973,B,-1,0,3.7,83.19,1.54,1
974,B,1,0,4,95.01,0.50,2
975,B,-1,0,4,88.95,0.50,3
976,B,1,1,1,47.95,-1.20,3
977,B,1,0,4,87.63,0.89,4
978,B,1,0,3,76.67,-0.54,1
979,B,-1,0,3,76.57,0.50,1
980,B,1,0,3,74.31,0.24,1
981,B,-1,1,2,68.99,-0.02,1
982,B,1,1,2.3,71.45,-1.20,1
983,B,1,0,3,77.83,-1.20,4
984,B,1,1,1.7,62.74,-0.28,1
985,B,1,0,2.3,70.79,0.24,1
986,B,1,0,3.7,84.45,1.54,5
987,B,1,1,4,97.24,2.07,1
988,B,1,0,3.3,80.72,0.63,3
989,B,-1,0,3,75.22,0.50,5
990,B,-1,0,4,91.19,0.11,3
991,B,-1,0,1.7,56.55,-2.11,1
992,B,1,1,1.3,52.17,-3.28,1
993,B,-1,0,4,88.58,2.07,3
994,B,-1,0,4,92.07,0.63,1
995,B,-1,0,4,88.38,-0.41,1