"id","class","tx","age","gender","home_lang","minutes","adults_household","children_household","english_home","books","phone","hungry","lights","parents_talk","chores","work","orient_b","vocab_b","letter_name_b","letter_sound_b","invented_words_b","reading_b","reading_comp_b","letter_b","orient_e","vocab_e","letter_name_e","letter_sound_e","invented_words_e","reading_e","reading_comp_e","letter_e"
992,1,1,10,0,4,30,9,9,NA,1,2,NA,1,2,NA,NA,4,0,23,28,13,11,3,3,4,9,1,18,28,24,5,5
993,1,1,15,1,1,45,7,5,1,3,4,2,NA,2,0,1,2,11,16,14,16,50,3,11,0,9,30,7,0,23,0,11
994,1,1,12,0,2,60,2,1,NA,NA,1,3,0,2,0,NA,0,4,14,33,16,2,1,3,4,6,23,11,4,34,5,0
995,1,1,7,0,1,124,1,12,2,4,NA,3,NA,2,1,NA,4,9,2,44,8,2,3,3,3,8,11,10,2,17,3,5
996,1,1,13,0,1,16,15,8,1,4,NA,2,1,3,1,NA,1,17,25,4,9,28,1,1,3,19,42,11,2,2,3,0
997,1,1,14,1,4,12,7,1,NA,4,2,1,NA,NA,NA,NA,0,0,41,23,7,6,2,5,0,15,3,28,20,31,1,8
998,1,1,10,1,4,25,11,3,2,NA,NA,3,0,2,1,NA,3,17,5,33,1,46,0,6,1,20,34,20,23,24,4,9
999,1,1,10,1,4,20,8,9,NA,1,1,NA,NA,NA,NA,0,4,15,2,29,11,25,1,6,2,16,16,16,10,43,1,11
1000,1,1,12,0,4,9,8,12,1,4,1,3,1,3,1,1,2,8,37,5,4,21,1,6,3,7,6,18,21,42,4,5
1001,1,1,5,0,2,13,15,15,2,1,2,2,0,3,1,1,4,2,37,7,12,7,3,7,2,16,30,42,14,12,5,4
1002,1,1,8,1,10,30,2,2,1,NA,NA,NA,0,1,NA,0,3,16,34,10,12,5,1,3,4,16,44,32,7,31,1,10
1003,1,1,14,1,5,2,15,11,1,4,2,3,1,NA,NA,0,0,18,46,6,10,2,0,11,3,16,10,33,10,34,5,0
1004,1,1,14,1,10,60,9,15,NA,2,1,NA,1,2,0,0,1,0,37,8,14,3,2,10,2,5,29,26,25,7,5,0
1005,1,1,9,1,5,60,11,19,NA,4,4,3,1,NA,0,1,1,7,1,19,14,12,3,1,1,5,9,37,10,9,5,9
1006,1,1,14,0,5,40,1,3,2,1,1,2,NA,NA,NA,1,2,0,33,14,1,3,0,4,0,9,26,15,25,19,0,8
1007,1,1,8,0,4,16,7,12,3,NA,2,NA,NA,1,1,1,4,7,35,10,12,0,3,9,1,6,12,29,5,47,0,4
1008,1,1,7,1,5,40,3,2,3,3,NA,2,NA,1,NA,1,2,18,15,20,2,21,1,5,3,12,41,10,3,2,0,5
1009,1,1,12,1,10,2,1,2,3,3,2,NA,NA,3,0,NA,3,18,50,21,13,13,3,9,4,0,33,15,14,37,0,8
1010,1,1,6,1,5,7,7,9,2,3,1,3,0,NA,NA,1,2,6,48,1,5,12,3,5,4,0,4,1,12,27,5,0
1011,1,1,10,0,5,14,8,8,1,NA,4,NA,0,1,1,NA,2,4,12,1,10,5,2,8,1,13,17,4,24,34,2,2
1012,1,1,5,1,5,5,5,19,3,1,3,3,0,3,0,0,4,10,11,10,11,14,2,11,4,18,31,36,20,25,1,6
1013,1,1,11,1,10,20,4,10,3,1,3,1,0,1,1,NA,4,6,19,11,0,7,3,3,3,5,3,29,27,48,5,4
1014,1,1,13,0,2,25,10,19,3,2,1,2,NA,1,NA,0,4,11,33,1,9,50,3,0,4,5,38,7,26,30,5,6
1015,1,1,8,1,1,40,1,9,2,4,NA,2,0,1,NA,1,3,0,38,7,4,3,3,3,3,18,15,25,9,21,4,8
1016,2,1,13,1,5,38,15,3,2,NA,3,NA,1,3,1,1,0,7,21,9,12,13,2,4,2,18,34,2,22,38,2,8
1017,2,1,7,1,1,3,12,7,2,4,NA,NA,1,NA,0,0,0,5,11,9,3,14,0,2,2,9,27,34,6,16,4,2
1018,2,1,14,1,10,2,10,8,1,1,1,NA,0,3,0,0,1,5,36,16,12,11,1,5,1,17,38,27,0,40,3,7
1019,2,1,4,0,4,4,8,8,2,4,4,1,0,1,1,0,2,2,50,21,13,2,1,7,1,5,37,34,15,12,3,1
1020,2,1,5,1,4,60,9,6,NA,3,3,1,NA,1,1,0,0,13,11,22,16,15,1,8,2,4,40,28,23,9,4,10
1021,2,1,6,1,5,38,15,18,3,1,1,2,1,1,NA,1,4,6,29,18,10,31,0,9,4,3,14,0,10,40,5,7
1022,2,1,4,1,10,10,12,10,1,4,3,3,NA,2,1,NA,4,13,31,27,13,28,2,1,2,14,33,0,24,28,0,5
1023,2,1,9,0,2,17,11,3,NA,NA,4,2,0,2,1,NA,3,16,36,19,6,3,1,1,0,7,18,20,4,5,2,8
1024,2,1,8,0,10,16,15,7,NA,NA,3,3,NA,2,NA,1,1,4,2,16,9,21,0,4,2,11,21,8,9,47,1,6
1025,2,1,11,1,10,6,4,18,NA,4,4,3,0,2,0,NA,3,16,31,3,0,1,3,3,3,9,18,33,27,43,4,5
1026,2,1,6,0,5,2,6,5,1,4,3,1,1,NA,1,NA,2,2,18,29,12,50,0,5,0,9,37,3,3,11,5,8
1027,2,1,15,0,2,12,6,19,NA,2,NA,NA,0,3,1,NA,1,12,29,21,10,5,3,7,4,16,37,37,6,19,1,1
1028,2,1,5,1,10,14,11,9,1,3,1,1,NA,1,NA,1,1,9,33,26,5,35,0,11,1,0,17,35,6,16,3,0
1029,2,1,5,0,1,13,5,14,3,2,1,NA,1,1,1,0,1,2,4,2,2,5,1,7,4,13,34,4,14,45,0,2
1030,2,1,10,1,1,60,9,19,1,NA,4,3,NA,NA,1,1,4,13,47,21,5,35,2,10,4,17,20,23,6,13,0,3
1031,2,1,9,0,4,11,5,5,2,1,3,NA,NA,2,1,1,4,13,35,18,12,3,0,5,2,4,42,36,22,2,2,6
1032,2,1,15,1,1,8,1,12,2,1,3,2,1,3,1,0,4,5,12,10,44,25,1,8,4,6,16,36,3,50,1,0
1033,2,1,8,1,5,124,3,6,2,NA,3,NA,0,3,0,NA,0,12,19,20,1,15,0,10,3,3,47,16,1,42,1,5
1034,2,1,15,0,10,8,3,9,NA,2,NA,NA,NA,NA,NA,NA,2,6,24,23,22,21,1,0,1,20,35,30,13,3,0,6
1035,2,1,12,1,4,2,9,6,3,3,2,2,NA,1,1,NA,4,1,34,6,1,15,3,1,1,20,50,42,36,30,3,0
1036,2,1,9,0,1,10,5,12,2,2,1,2,1,2,NA,1,2,10,49,26,4,3,2,3,4,19,38,4,7,49,0,6
1037,2,1,11,0,1,11,7,10,3,2,NA,2,NA,3,0,1,4,9,7,26,1,10,0,4,3,10,48,17,20,31,5,5
1038,2,1,7,0,2,15,4,7,1,2,3,NA,0,3,1,0,1,13,9,16,0,5,3,10,2,0,36,35,20,27,2,9
1039,2,1,6,0,4,9,8,5,3,3,NA,2,0,NA,NA,0,2,12,27,33,4,12,1,3,0,10,2,37,6,37,0,3
1040,2,1,10,1,2,20,11,7,1,3,1,3,1,NA,NA,1,1,17,4,44,8,17,1,9,0,0,44,8,13,38,4,5
1041,3,1,13,1,5,40,4,2,3,NA,NA,1,NA,NA,0,1,1,15,41,11,11,3,0,4,2,12,3,26,20,49,3,3
1042,3,1,7,0,2,4,3,19,3,3,3,3,NA,3,NA,1,0,14,28,19,11,27,0,4,0,13,50,42,1,46,5,8
1043,3,1,4,1,2,7,11,4,NA,4,1,1,0,3,NA,0,3,4,50,4,0,25,2,0,1,5,27,3,6,43,1,1
1044,3,1,5,1,2,60,3,6,1,3,2,2,NA,3,NA,1,1,1,21,14,14,50,2,0,0,10,50,42,5,21,0,3
1045,3,1,12,0,10,9,4,2,1,2,NA,3,1,3,NA,0,2,8,27,33,3,3,3,0,2,13,8,14,6,1,0,4
1046,3,1,10,1,5,12,10,3,NA,1,4,3,0,1,1,0,1,15,15,23,6,11,3,0,2,15,12,40,6,47,0,7
1047,3,1,10,1,5,9,4,7,3,2,4,1,1,1,1,1,1,3,33,24,2,10,0,11,4,6,12,37,21,47,5,7
1048,3,1,6,0,2,4,10,18,1,NA,2,3,0,1,1,1,2,2,24,12,4,16,0,0,2,20,31,9,7,20,0,8
1049,3,1,15,0,2,15,7,9,NA,NA,3,3,0,3,0,NA,0,6,19,14,7,28,2,8,4,0,12,1,19,18,4,4
1050,3,1,11,0,1,14,5,8,1,3,4,3,1,3,1,1,2,12,32,10,2,50,3,1,2,7,26,36,8,10,5,3
1051,3,1,7,0,10,9,11,9,3,4,3,1,0,NA,0,1,1,4,18,22,5,22,1,9,1,20,35,40,29,25,5,5
1052,3,1,11,0,4,13,11,11,3,NA,NA,2,NA,2,0,NA,3,18,28,33,6,21,3,5,0,7,5,23,23,34,1,4
1053,3,1,4,1,1,45,15,19,2,2,NA,NA,NA,1,0,1,0,18,15,33,3,50,1,4,2,13,5,36,5,1,1,5
1054,3,1,10,1,2,60,4,11,2,1,1,2,0,3,0,0,2,3,3,28,7,13,3,4,3,17,43,35,22,25,2,3
1055,3,1,4,0,4,2,6,3,1,2,2,2,1,2,1,1,1,9,43,44,22,8,1,6,3,5,6,6,25,30,5,0
1056,3,1,4,1,1,11,3,6,NA,2,4,NA,0,1,0,NA,2,2,41,7,0,15,0,11,1,13,38,6,2,24,3,10
1057,3,1,6,0,10,17,11,3,NA,3,3,1,0,NA,NA,1,3,10,27,11,11,35,3,0,1,16,36,26,26,8,5,0
1058,3,1,12,0,10,15,2,12,3,1,2,3,NA,1,NA,0,1,16,33,44,0,35,2,3,2,17,47,10,21,50,4,4
1059,3,1,6,0,1,20,4,12,2,1,2,3,1,1,1,0,4,11,24,17,8,25,3,10,3,0,0,25,13,44,5,6
1060,3,1,6,1,4,10,15,8,1,2,NA,NA,0,1,NA,NA,4,1,20,21,4,10,0,11,4,0,12,10,6,51,4,0
1061,3,1,10,0,5,45,9,4,3,NA,3,3,NA,1,1,0,0,0,50,26,9,28,2,5,3,11,39,33,10,12,1,3
1062,3,1,12,0,5,6,7,4,1,4,1,2,1,NA,0,NA,2,14,14,3,5,31,2,1,0,13,0,13,13,16,2,2
1063,3,1,9,1,1,12,10,4,2,NA,4,3,NA,NA,0,NA,1,14,10,33,1,16,0,6,4,13,37,31,21,24,3,5
1064,3,1,8,0,10,30,5,18,1,4,1,3,0,3,1,NA,3,6,35,25,10,15,0,4,3,3,41,36,26,50,3,6
1065,3,1,12,1,10,7,11,10,3,2,4,NA,1,2,0,NA,0,13,39,1,6,3,3,7,2,20,39,42,1,21,5,0
1285,4,1,11,0,1,38,4,18,2,2,3,2,0,2,1,0,1,14,35,29,1,21,1,4,0,6,8,18,6,20,1,11
1286,4,1,6,1,5,5,5,5,2,2,3,NA,1,1,NA,1,4,1,5,19,4,8,2,10,0,8,27,34,3,14,5,7
1287,4,1,8,0,2,13,7,12,NA,NA,3,3,NA,NA,1,1,2,3,39,4,16,15,3,10,4,17,48,18,28,49,4,8
1288,4,1,12,1,4,38,9,10,2,4,NA,1,1,NA,1,1,0,1,4,9,5,25,2,6,4,4,44,6,24,9,1,1
1289,4,1,7,1,4,6,10,3,1,NA,1,3,0,1,1,0,2,16,40,20,7,6,0,9,3,4,30,0,12,9,0,3
1290,4,1,15,1,2,38,4,3,3,2,1,2,1,1,NA,1,0,10,12,5,7,46,2,2,4,15,44,35,28,11,0,1
1291,4,1,7,1,4,45,15,12,NA,4,3,NA,NA,2,NA,1,2,8,0,7,7,14,2,6,1,8,3,21,15,19,5,3
1292,4,1,12,1,2,38,7,7,3,1,1,2,1,1,1,NA,4,2,12,2,2,0,3,6,0,12,24,22,8,37,2,11
1293,4,1,6,1,1,15,1,14,1,4,4,3,NA,2,0,NA,2,17,14,19,6,25,0,10,1,13,14,29,19,10,2,4
1294,4,1,11,0,1,14,8,2,1,4,4,3,0,1,1,0,2,10,50,30,11,27,2,6,4,8,19,45,14,11,3,2
1295,4,1,10,0,5,10,2,12,3,1,NA,2,1,1,0,NA,2,5,13,17,44,2,0,4,1,7,0,42,3,11,5,10
1296,4,1,11,0,5,9,6,10,3,4,3,NA,1,2,1,1,2,14,29,22,9,16,1,6,0,15,18,39,10,24,1,0
1297,4,1,10,1,2,45,11,5,NA,4,3,NA,NA,3,1,NA,3,12,9,10,1,14,2,10,0,17,12,1,22,4,1,10
1298,4,1,13,1,10,2,3,11,3,1,NA,3,1,1,1,1,4,0,3,17,22,7,0,5,0,0,23,0,22,43,0,8
1299,4,1,11,1,1,60,15,7,3,1,3,1,1,NA,1,1,4,0,38,5,5,1,2,6,2,20,41,19,5,38,0,8
1300,4,1,9,0,2,7,5,5,1,4,1,NA,1,NA,0,1,4,4,42,11,4,31,0,0,0,10,30,13,6,31,5,4
1301,4,1,12,1,10,13,7,6,1,NA,4,3,1,1,NA,NA,2,14,20,16,44,6,0,3,1,0,11,20,10,28,3,6
1302,4,1,14,0,10,13,4,10,NA,1,3,NA,0,1,0,0,1,2,10,33,44,35,0,3,2,11,39,36,20,0,5,10
1303,4,1,8,0,10,40,8,1,NA,1,NA,2,1,2,NA,NA,0,4,10,8,12,28,0,5,2,10,22,28,15,50,1,6
1304,4,1,12,1,2,17,8,15,3,NA,1,2,NA,NA,0,0,1,13,6,29,0,0,2,0,0,17,41,11,1,11,0,1
1305,4,1,11,0,4,16,6,4,NA,1,1,2,1,NA,0,1,3,2,16,11,7,27,1,7,1,20,48,11,20,3,4,4
1306,4,1,14,1,1,14,5,6,3,4,4,NA,0,3,1,0,1,4,49,9,0,25,0,6,1,9,37,28,26,28,4,1
1307,4,1,4,1,5,6,4,4,3,NA,3,NA,1,3,NA,1,4,9,11,22,22,18,2,3,4,8,7,6,0,21,1,6
1308,4,1,5,0,2,25,4,3,1,3,3,NA,0,NA,1,NA,3,0,29,26,9,3,3,2,4,11,40,20,1,40,1,6
1309,4,1,4,0,5,60,8,19,1,NA,3,1,NA,3,NA,NA,3,13,25,1,13,14,3,6,3,9,3,21,15,42,4,6
1310,5,1,14,0,4,12,9,3,1,NA,NA,3,0,2,NA,0,1,5,19,9,12,28,2,7,2,3,2,24,20,4,0,0
1311,5,1,15,1,10,45,2,8,3,3,NA,2,1,2,0,NA,1,7,3,4,16,13,0,1,1,6,17,45,20,24,3,9
1312,5,1,12,1,4,12,10,1,NA,4,1,NA,1,NA,1,NA,3,6,22,4,4,50,1,11,0,0,49,14,22,33,0,3
1313,5,1,14,1,5,10,6,10,1,1,NA,2,1,1,NA,1,1,17,28,3,3,18,2,2,3,7,3,20,22,12,1,11
1314,5,1,7,0,10,25,7,9,NA,4,3,NA,1,3,NA,1,1,10,18,2,12,46,0,10,4,0,22,0,36,16,5,5
1315,5,1,11,0,5,14,3,18,2,4,4,1,0,3,0,0,2,13,25,7,10,9,2,0,0,0,34,11,36,10,0,7
1316,5,1,13,0,1,13,7,12,1,3,2,1,0,1,1,0,4,6,1,28,3,2,2,1,0,12,15,34,29,3,2,1
1317,5,1,14,0,2,4,1,1,3,3,NA,1,NA,2,NA,NA,1,7,44,6,10,6,0,10,4,19,36,23,5,39,2,11
1318,5,1,12,1,2,50,3,12,1,NA,NA,2,1,3,0,NA,1,11,1,18,22,11,0,3,2,5,6,10,36,29,1,11
1319,5,1,13,1,2,17,5,14,2,NA,2,NA,NA,2,0,NA,2,5,38,44,6,5,2,2,3,7,11,27,12,42,2,4
1320,5,1,15,0,10,9,12,10,1,NA,4,1,NA,1,0,1,2,2,43,13,2,15,3,11,1,11,3,22,7,27,2,6
1321,5,1,13,0,10,17,3,8,3,NA,4,2,1,2,0,1,4,1,4,13,12,50,2,9,1,11,39,14,2,2,2,6
1322,5,1,11,0,1,17,5,12,3,NA,2,2,0,1,0,1,3,9,10,30,12,16,0,2,1,13,44,8,20,24,3,7
1323,5,1,7,1,10,10,15,11,2,NA,NA,NA,1,NA,1,NA,3,7,2,27,5,15,3,6,0,16,45,23,13,40,1,10
1324,5,1,10,0,10,16,7,9,3,2,2,2,NA,1,0,0,4,12,2,26,11,18,0,5,4,0,12,8,0,43,5,8
1325,5,1,8,1,1,10,3,4,2,4,NA,2,0,NA,NA,1,4,4,15,4,11,10,0,7,0,17,48,21,0,30,2,9
1326,5,1,8,0,2,12,15,4,2,3,1,NA,1,NA,1,1,0,3,37,2,8,10,2,2,3,11,2,33,4,29,0,5
1327,5,1,5,0,5,14,6,5,2,3,2,NA,NA,NA,1,NA,0,6,20,22,8,28,2,4,0,8,15,29,22,48,0,3
1328,5,1,9,0,1,17,3,11,1,NA,3,1,1,1,1,NA,3,9,6,12,14,17,1,10,2,19,2,32,26,39,3,7
1329,5,1,15,0,4,2,12,8,NA,1,2,NA,NA,1,0,0,2,1,11,12,5,21,3,4,1,11,49,30,24,4,3,0
1330,5,1,14,1,5,3,12,11,NA,4,2,1,NA,2,1,NA,3,18,50,30,3,8,2,4,3,8,22,33,22,50,3,8
1331,5,1,14,0,10,25,1,10,3,1,2,3,1,1,0,1,2,18,41,20,6,9,3,2,4,10,44,32,3,30,1,1
1332,5,1,5,0,4,4,2,9,2,1,4,2,1,1,1,0,2,5,18,11,9,12,3,10,2,5,27,32,14,4,2,5
1333,5,1,15,1,4,12,10,11,3,2,2,NA,0,NA,NA,0,2,1,39,4,0,17,3,2,0,17,30,11,13,36,2,11
1334,5,1,10,1,2,50,5,8,1,4,NA,1,NA,3,NA,1,1,17,36,24,14,21,0,10,1,10,44,16,36,2,1,5
1335,6,1,14,0,1,2,6,12,3,4,4,3,0,1,1,0,1,10,0,6,0,10,1,9,2,16,1,42,28,23,1,0
1336,6,1,10,0,1,40,1,11,NA,4,2,1,NA,1,1,NA,4,18,17,25,0,11,2,4,0,14,39,31,0,14,3,7
1337,6,1,8,0,5,25,5,8,2,3,4,1,NA,1,NA,1,4,5,50,12,13,17,0,8,2,10,26,31,12,17,0,0
1338,6,1,14,1,10,45,11,12,1,NA,3,2,1,1,1,0,4,8,41,18,11,11,1,9,3,16,3,30,11,25,4,1
1339,6,1,10,0,2,3,7,8,3,2,2,1,1,3,0,NA,1,7,40,4,12,18,3,1,1,9,17,36,13,9,5,4
1340,6,1,12,0,10,6,8,8,NA,NA,NA,3,1,3,NA,1,4,6,29,26,0,6,3,8,4,13,37,15,23,30,5,0
1341,6,1,7,0,10,15,11,10,1,4,4,2,NA,NA,NA,1,0,13,6,23,44,21,3,0,2,3,26,24,4,26,0,11
1342,6,1,14,0,5,7,7,7,2,3,3,2,0,NA,0,0,4,12,13,22,5,0,3,6,3,8,12,39,27,31,4,3
1343,6,1,10,1,10,30,6,9,2,1,4,1,0,1,1,0,4,8,28,19,7,12,0,2,2,17,20,33,21,13,3,1
1344,6,1,9,0,1,9,8,19,1,3,1,NA,0,NA,NA,1,0,17,34,3,11,13,1,11,4,16,45,17,26,43,4,10
1345,6,1,12,0,2,11,4,15,3,2,1,3,1,NA,NA,0,1,10,17,5,0,3,0,11,3,4,2,34,29,21,3,0
1346,6,1,11,1,2,9,9,4,3,4,2,3,NA,3,0,NA,3,16,12,20,14,11,2,10,4,9,41,4,1,29,5,11
1347,6,1,6,1,2,25,8,2,1,NA,3,2,1,3,0,0,3,10,41,28,2,7,3,3,1,12,35,24,19,44,3,2
1348,6,1,8,0,4,2,8,2,2,4,4,1,0,2,0,1,0,16,38,13,7,17,1,2,3,10,46,30,24,51,0,9
1349,6,1,11,0,2,4,1,11,3,2,NA,1,1,1,1,1,1,16,42,25,12,22,2,4,1,7,36,11,22,17,4,9
1350,6,1,5,1,5,6,15,1,3,2,4,2,0,3,1,1,0,15,28,33,44,1,3,7,4,18,32,35,26,7,3,9
1351,6,1,4,1,5,25,6,5,2,4,NA,NA,0,NA,0,0,2,9,46,25,0,6,0,3,4,4,26,13,8,38,0,7
1352,6,1,15,0,1,60,15,10,3,1,2,3,0,NA,1,0,0,0,45,14,13,5,3,8,1,16,34,4,11,36,2,4
1353,6,1,13,1,5,45,7,9,3,4,3,2,0,1,NA,1,3,11,41,21,2,15,0,5,3,13,12,28,29,0,3,10
1354,6,1,4,1,4,20,8,11,1,1,2,NA,0,1,1,NA,3,9,16,1,8,21,3,8,1,18,27,22,25,38,4,1
1355,6,1,8,1,10,14,3,12,NA,3,4,NA,0,3,1,0,1,4,4,19,22,27,3,7,3,4,43,31,2,8,0,3
1356,6,1,10,1,1,3,4,9,2,NA,1,3,1,3,1,0,2,18,21,5,3,27,2,9,0,13,42,7,25,46,1,4
1357,6,1,8,1,5,60,12,11,1,1,2,3,NA,2,0,0,3,8,43,14,7,10,0,11,4,4,35,42,27,49,2,3
949,7,1,8,1,5,11,7,2,2,NA,4,2,1,3,0,NA,3,17,15,21,2,22,0,6,4,15,50,37,19,45,4,8
950,7,1,8,1,2,16,6,12,1,2,4,NA,0,2,1,NA,3,6,19,44,13,3,0,1,0,11,21,21,22,42,0,3
951,7,1,6,0,5,25,11,5,1,NA,2,1,0,1,0,1,2,11,12,16,16,31,0,11,0,11,23,4,23,21,4,1
952,7,1,6,1,5,30,10,18,2,1,4,1,NA,2,1,0,1,16,40,44,2,50,3,6,0,15,17,8,2,1,4,3
953,7,1,10,1,10,17,6,3,2,4,1,1,1,3,NA,0,4,7,15,6,6,11,3,6,3,4,11,34,8,13,1,1
954,7,1,14,0,5,50,9,7,2,NA,4,NA,1,NA,NA,1,1,8,26,23,44,35,1,6,3,10,10,24,9,24,1,2
955,7,1,10,0,5,15,5,14,NA,1,3,3,1,NA,1,1,4,12,24,19,16,0,1,5,4,11,28,9,21,40,1,3
956,7,1,13,1,5,13,3,12,1,2,3,1,NA,3,1,NA,0,1,32,22,10,15,1,11,0,20,49,31,1,5,3,9
957,7,1,7,1,10,2,11,18,2,4,3,1,0,2,1,NA,3,9,4,19,5,16,2,6,4,3,44,3,28,46,0,10
958,7,1,6,0,5,9,9,18,2,1,4,NA,0,1,0,1,0,18,43,10,0,10,0,6,0,6,5,40,1,46,0,4
959,7,1,10,0,10,60,1,10,1,NA,NA,3,NA,NA,0,NA,2,5,36,16,6,16,0,5,1,17,8,32,22,25,0,11
960,7,1,6,1,5,30,7,12,1,4,4,3,NA,NA,NA,0,0,18,3,26,22,31,0,1,1,14,1,35,21,9,3,10
961,8,1,8,1,1,38,6,1,2,NA,2,3,1,2,1,NA,1,8,26,14,16,31,3,11,2,14,45,28,17,36,2,0
962,8,1,14,1,10,4,11,10,2,1,2,NA,1,NA,1,NA,3,15,8,14,7,50,0,8,3,20,30,16,3,4,0,2
963,8,1,9,1,2,13,7,7,2,1,NA,2,1,1,1,1,2,3,15,12,7,3,3,3,2,19,30,1,28,16,2,6
964,8,1,13,0,4,9,2,5,2,3,2,3,NA,3,1,0,0,3,36,33,44,10,3,3,1,11,6,28,10,24,1,1
965,8,1,11,0,1,20,3,1,2,4,3,2,1,1,NA,NA,3,13,19,4,4,3,2,9,1,9,23,16,24,50,2,0
966,8,1,9,1,4,6,15,5,2,2,3,2,0,3,1,0,1,4,31,20,1,3,0,4,4,18,36,42,2,51,0,11
967,8,1,4,1,1,13,2,10,2,NA,NA,NA,0,3,NA,NA,2,13,16,23,14,27,0,10,1,20,14,18,29,16,0,9
968,8,1,12,0,1,17,9,9,1,4,2,NA,NA,3,1,1,1,8,48,9,44,5,2,8,4,12,19,22,22,33,2,10
969,8,1,7,1,4,9,7,9,1,1,1,3,0,3,0,NA,4,5,36,5,14,11,2,1,0,11,11,23,20,15,4,9
970,8,1,12,1,10,124,15,14,2,2,3,3,1,2,NA,0,4,16,6,2,13,5,2,9,0,14,33,31,1,12,2,6
971,8,1,4,1,1,8,10,3,2,1,4,NA,0,3,0,1,0,10,17,33,22,16,0,4,4,7,50,18,23,25,5,6
972,8,1,8,1,1,3,12,14,NA,2,1,1,1,3,0,NA,1,11,47,13,9,21,0,6,0,9,15,6,26,25,4,1
973,8,1,7,0,10,5,12,5,2,NA,2,1,1,3,NA,1,1,11,28,30,1,35,2,0,0,0,7,34,4,40,3,0
974,8,1,10,1,2,124,6,9,NA,3,1,NA,0,NA,NA,1,3,9,29,33,14,1,1,1,2,14,20,8,23,21,0,6
975,8,1,5,0,2,5,4,19,2,1,3,NA,NA,2,1,NA,0,17,5,26,12,16,2,1,2,6,27,32,20,39,5,1
976,8,1,14,1,4,38,10,5,1,2,4,2,NA,NA,0,NA,0,15,32,1,4,18,2,4,1,17,11,36,0,6,1,5
977,8,1,7,1,10,14,4,2,1,NA,NA,3,NA,NA,0,NA,2,5,0,16,12,2,0,4,2,19,30,1,23,44,5,10
978,8,1,11,0,4,5,6,12,NA,1,1,1,NA,NA,NA,NA,4,8,9,7,14,9,1,6,1,20,16,45,27,33,2,9
979,8,1,14,1,2,20,7,3,2,NA,NA,3,NA,3,NA,NA,1,9,27,30,5,2,0,1,1,19,49,2,6,46,1,6
980,8,1,15,0,1,16,3,8,2,NA,2,3,NA,NA,1,1,2,3,33,24,1,17,0,11,4,9,47,9,22,51,1,5
981,8,1,14,0,5,9,15,3,2,1,4,1,NA,NA,0,1,2,5,48,6,4,1,2,10,2,9,11,16,5,42,0,9
982,9,1,6,0,10,15,10,4,NA,3,2,1,0,2,NA,1,1,15,24,16,2,22,1,4,3,15,7,30,15,8,0,10
983,9,1,12,1,5,6,5,18,NA,NA,2,1,0,3,0,0,0,1,20,26,5,9,0,0,3,3,22,21,9,38,2,0
984,9,1,8,0,5,15,2,1,2,4,1,1,1,3,1,NA,2,7,27,4,10,10,1,11,1,19,6,21,29,42,1,4
985,9,1,4,1,5,12,9,4,2,2,1,NA,0,1,0,NA,0,12,16,12,6,3,3,0,0,10,26,5,15,11,5,9
986,9,1,5,1,5,12,3,7,2,1,2,1,NA,NA,1,1,2,4,29,9,16,16,2,11,2,11,11,42,25,25,0,5
987,9,1,5,0,1,17,3,14,NA,NA,4,3,0,3,0,1,0,6,6,20,8,22,3,1,2,18,50,26,23,16,2,1
988,9,1,13,0,1,11,7,5,1,2,NA,1,NA,3,NA,NA,1,10,27,22,3,8,1,3,2,11,27,20,14,48,2,6
989,9,1,13,0,4,124,1,7,NA,NA,1,3,0,3,NA,1,1,7,32,11,13,11,0,5,3,10,17,2,21,2,4,0
990,9,1,11,0,10,38,11,9,2,NA,NA,3,NA,1,0,NA,0,9,47,20,0,9,1,5,0,18,12,19,4,4,4,2
991,9,1,9,0,4,11,2,19,NA,2,NA,2,NA,3,1,NA,0,16,7,0,1,11,2,3,4,4,44,39,29,3,4,7
880,10,1,9,0,5,11,2,8,2,4,1,1,NA,3,1,0,2,4,32,3,16,13,2,3,2,15,19,1,14,10,0,9
881,10,1,11,1,5,13,3,5,2,3,3,NA,NA,3,0,NA,3,6,36,20,1,27,2,9,1,7,31,5,12,8,1,10
882,10,1,6,1,4,9,6,10,NA,3,2,NA,NA,2,0,NA,2,16,40,23,22,28,1,5,4,14,42,6,28,15,3,2
883,10,1,6,1,2,30,1,1,2,4,NA,2,NA,3,1,1,4,13,35,1,12,28,1,6,1,7,6,14,17,21,3,10
884,10,1,13,1,2,50,1,5,1,3,4,3,NA,1,1,0,1,2,49,27,22,12,1,10,2,6,5,36,11,15,0,9
885,10,1,15,1,1,6,12,14,2,2,NA,1,1,2,0,NA,2,17,31,8,5,18,1,1,3,14,28,10,10,43,4,0
886,10,1,12,0,4,45,11,4,2,1,NA,1,NA,3,NA,NA,0,7,26,27,13,7,2,5,2,9,41,31,2,14,3,11
887,10,1,5,1,10,12,6,6,2,2,NA,2,NA,2,1,0,0,17,25,15,0,22,2,7,4,10,17,8,24,51,4,7
888,10,1,11,0,4,8,1,6,1,NA,2,3,NA,3,0,0,4,13,12,20,16,12,2,0,4,15,23,19,12,5,3,5
889,10,1,5,1,10,11,11,18,NA,4,1,2,NA,NA,1,0,0,3,19,8,11,27,2,6,2,18,33,21,5,45,4,6
890,10,1,15,1,4,2,7,14,3,1,4,1,0,3,NA,NA,4,0,27,22,3,3,3,1,2,3,40,32,21,17,0,9
891,10,1,15,1,1,45,11,9,NA,3,4,3,0,2,1,0,3,15,19,21,13,13,2,6,4,7,34,30,15,17,0,0
892,10,1,7,0,5,8,2,19,NA,2,3,1,NA,NA,1,NA,4,12,27,28,1,15,2,2,4,7,50,30,36,1,2,2
893,10,1,13,0,5,20,6,2,2,4,2,NA,1,NA,0,0,0,4,34,11,22,8,1,9,1,16,13,15,11,44,5,0
894,10,1,5,1,4,14,5,4,2,3,1,NA,0,1,0,1,0,7,6,8,7,27,2,11,1,9,16,39,11,28,1,6
895,10,1,9,1,5,17,11,6,3,3,NA,2,NA,NA,0,0,2,11,37,24,7,13,1,9,4,5,48,45,8,45,5,9
896,10,1,15,0,2,10,1,14,3,1,NA,3,NA,1,0,1,4,18,11,12,10,2,0,10,0,12,27,4,21,5,1,0
897,10,1,12,0,1,11,10,9,1,3,3,1,1,2,1,1,1,13,38,15,0,11,3,6,4,19,49,11,10,21,5,4
898,10,1,5,1,4,4,7,6,3,1,NA,1,NA,3,1,1,4,3,18,6,22,6,1,8,0,14,22,35,15,24,5,10
899,11,0,4,1,2,12,10,1,2,NA,NA,3,1,NA,1,1,0,1,37,0,14,31,3,8,4,15,31,2,6,8,2,10
900,11,0,14,1,2,15,6,11,NA,4,1,3,1,1,1,NA,4,11,12,21,22,46,1,10,4,9,18,16,8,21,0,10
901,11,0,13,0,1,7,12,6,NA,NA,NA,1,1,3,NA,1,2,8,41,13,14,7,1,8,1,19,38,19,5,2,3,1
902,11,0,4,0,1,8,3,3,NA,2,2,1,0,1,0,NA,1,0,7,27,7,22,1,1,0,3,5,10,29,42,5,1
903,11,0,12,0,10,20,9,8,2,4,4,2,NA,1,0,NA,0,6,42,11,4,46,3,3,3,5,45,40,2,5,0,5
904,11,0,5,0,10,4,15,8,1,2,1,NA,NA,1,0,NA,1,4,47,44,8,9,2,2,2,12,48,10,29,48,5,2
905,11,0,12,1,5,3,7,12,NA,3,1,1,1,NA,1,NA,3,4,13,5,1,12,0,7,2,18,23,28,20,9,1,4
906,11,0,11,0,4,4,3,7,3,4,2,3,1,2,0,1,4,2,47,4,9,7,3,2,4,17,6,15,5,24,0,7
907,11,0,8,1,10,60,3,1,NA,3,NA,3,NA,2,NA,0,2,10,39,2,16,3,3,0,4,17,21,25,9,34,5,0
908,11,0,8,0,5,8,7,2,3,4,2,NA,NA,1,1,NA,3,18,1,22,4,9,2,1,1,13,39,18,28,50,2,4
909,11,0,14,1,1,20,2,12,2,3,1,1,0,2,0,NA,0,3,27,27,3,22,3,5,4,6,26,23,11,50,3,4
910,11,0,8,0,4,60,5,9,3,NA,2,1,1,2,1,1,2,16,46,14,14,2,1,10,3,16,28,32,14,43,5,4
911,11,0,10,1,5,20,15,1,2,NA,NA,2,NA,1,1,0,3,7,28,20,8,13,1,4,2,20,42,23,3,51,3,5
912,11,0,12,0,2,15,1,15,NA,2,2,1,0,NA,1,NA,4,1,33,19,16,31,1,0,2,9,7,35,10,33,0,11
913,11,0,14,1,1,50,6,3,3,2,1,NA,NA,1,0,1,1,18,39,30,9,16,2,2,2,18,45,34,11,10,1,1
914,11,0,9,0,10,4,11,10,3,3,2,1,0,NA,0,1,1,14,2,7,4,0,2,9,2,7,36,36,2,28,3,5
915,11,0,14,0,2,14,8,2,1,4,NA,3,1,1,1,NA,3,2,36,21,10,0,3,3,1,18,46,19,2,16,2,2
916,11,0,9,1,4,8,1,3,3,1,NA,NA,1,NA,1,0,3,9,22,26,10,13,3,9,1,4,3,5,22,13,4,5
917,11,0,7,1,10,15,11,3,3,3,3,2,NA,2,1,0,0,3,16,10,1,17,2,6,4,16,26,25,0,11,4,4
918,11,0,9,0,4,124,10,4,NA,3,NA,3,0,3,1,0,1,4,32,28,7,15,1,1,2,19,39,42,21,49,4,4
919,11,0,14,1,1,13,8,12,3,NA,4,3,0,2,0,1,4,0,27,22,22,2,1,5,3,16,37,20,19,0,4,1
920,11,0,7,0,4,20,9,8,3,NA,NA,3,NA,NA,0,1,3,14,16,7,12,16,1,7,3,18,44,26,20,13,2,11
921,11,0,6,0,1,3,10,9,1,4,NA,2,1,NA,1,NA,3,2,36,7,13,18,3,1,3,17,4,35,17,20,5,6
922,11,0,15,1,4,50,7,7,2,2,4,2,1,3,0,NA,3,2,29,3,12,3,3,6,3,5,13,0,1,33,0,6
923,11,0,7,0,2,45,5,12,3,NA,1,2,0,2,0,1,4,12,26,22,12,6,3,6,0,9,1,26,27,27,2,6
924,12,0,12,0,5,10,6,12,3,1,2,1,NA,NA,1,1,1,5,28,10,2,17,1,10,4,9,26,34,8,46,1,8
925,12,0,15,1,10,16,9,12,2,1,4,1,1,NA,1,0,4,8,13,9,11,25,2,1,2,0,40,39,20,40,1,11
926,12,0,14,0,4,11,7,19,2,3,4,3,1,NA,0,0,1,7,38,13,10,13,2,11,3,18,43,15,2,46,3,6
927,12,0,6,0,2,14,15,7,NA,2,4,3,0,NA,NA,0,0,13,9,28,4,25,2,0,4,17,30,18,24,38,0,10
928,12,0,14,1,10,20,3,7,2,2,3,2,NA,NA,NA,1,3,16,1,23,14,5,0,2,4,11,29,30,27,7,2,9
929,12,0,6,0,2,13,4,1,2,4,2,3,NA,3,1,0,4,17,45,25,8,10,2,8,0,6,21,40,25,38,3,11
930,12,0,9,0,4,20,5,1,3,2,4,NA,1,3,1,1,4,13,9,8,8,9,2,10,4,0,4,18,28,50,5,3
931,12,0,6,1,10,124,1,19,NA,1,3,2,1,1,NA,1,4,5,46,15,16,1,2,7,3,17,50,0,0,30,3,6
932,12,0,13,1,2,3,4,4,1,2,3,NA,1,NA,0,NA,2,7,12,24,2,22,0,8,2,13,32,13,10,5,3,0
933,12,0,15,1,2,45,2,12,1,NA,3,1,1,NA,1,0,4,17,40,15,3,17,0,0,3,8,22,40,27,45,0,7
934,12,0,8,1,4,17,15,18,NA,1,NA,NA,0,2,1,NA,4,2,24,0,6,17,3,6,1,12,46,19,26,30,3,7
935,12,0,9,1,2,40,9,3,NA,1,1,2,0,2,1,0,4,13,17,8,8,25,0,8,4,5,6,20,17,29,2,3
936,12,0,7,0,5,38,3,11,NA,4,NA,2,1,3,0,1,1,0,14,5,11,16,1,10,1,15,27,17,24,21,0,10
937,12,0,4,1,5,12,3,12,3,3,2,1,1,3,1,0,0,14,22,27,7,28,1,10,2,11,23,32,2,18,0,4
938,12,0,8,0,4,3,8,5,2,NA,4,1,1,3,1,0,2,15,38,5,5,21,3,1,0,19,17,32,12,36,1,9
939,12,0,13,0,5,25,3,11,NA,2,3,2,1,NA,1,0,4,14,26,27,9,17,1,9,0,12,1,16,8,0,4,2
940,12,0,13,1,5,45,11,14,3,NA,3,3,0,NA,0,NA,2,9,14,9,9,1,1,9,2,13,24,21,0,5,5,0
941,12,0,13,1,1,4,10,11,NA,NA,NA,2,0,NA,1,0,3,7,45,9,13,1,2,1,0,20,46,25,8,44,1,3
942,12,0,10,0,1,20,10,6,NA,4,NA,2,0,3,NA,0,1,7,41,44,1,22,1,11,3,7,40,5,29,38,1,0
943,12,0,5,0,2,16,10,1,1,2,4,NA,0,1,1,NA,2,14,25,21,4,31,1,1,0,3,1,4,5,29,1,11
944,12,0,8,1,5,7,11,6,NA,2,4,1,1,NA,NA,1,1,17,29,16,11,16,3,7,2,15,6,35,29,36,3,8
945,12,0,8,1,2,124,7,5,NA,4,4,1,1,2,1,1,1,4,37,7,6,5,3,2,2,17,30,32,6,10,2,7
946,12,0,4,0,1,60,9,19,3,1,3,NA,1,1,0,1,2,15,11,25,8,8,3,7,1,14,6,42,28,19,5,8
947,12,0,4,0,10,45,5,1,2,2,4,3,NA,1,1,1,0,8,29,13,1,46,2,8,1,13,48,8,14,18,0,0
948,12,0,15,0,2,45,10,3,2,2,3,3,0,3,1,NA,1,9,1,23,0,28,1,9,4,13,36,27,22,24,2,5
824,13,0,14,0,5,2,4,3,NA,NA,1,1,0,NA,1,0,1,10,9,18,14,9,1,4,4,10,35,29,11,7,1,0
825,13,0,8,0,1,16,4,9,3,NA,2,3,0,3,1,0,0,11,40,24,0,35,3,8,2,18,15,0,6,10,4,4
826,13,0,7,0,4,45,5,8,3,1,1,1,1,2,1,0,1,11,3,25,6,12,2,3,0,13,2,34,29,4,1,9
827,13,0,8,0,5,38,11,10,1,3,2,3,0,3,1,0,2,15,0,14,2,2,1,6,1,11,36,28,5,5,4,1
828,13,0,10,0,2,124,2,2,1,2,3,NA,1,3,1,NA,1,15,32,28,5,22,0,11,0,19,41,17,1,19,3,7
829,13,0,13,0,5,20,2,18,2,4,2,NA,1,NA,NA,0,0,14,39,23,7,35,0,6,2,8,0,27,36,1,2,3
830,13,0,13,0,10,45,10,5,2,3,1,NA,0,2,1,0,4,7,27,30,14,28,3,7,0,4,3,12,22,26,0,2
831,13,0,14,0,2,60,10,1,3,NA,4,NA,NA,3,1,0,1,8,12,12,3,5,3,9,3,16,9,1,3,48,1,8
832,13,0,15,1,5,38,15,11,2,3,1,1,NA,NA,NA,NA,0,9,13,29,12,12,1,0,3,16,9,28,8,49,0,4
833,13,0,12,1,5,16,1,2,2,2,1,1,NA,1,NA,1,0,12,27,23,8,28,3,11,1,10,42,5,3,9,0,1
834,13,0,7,1,4,8,8,11,3,3,3,NA,NA,1,NA,1,4,11,28,7,0,15,0,10,4,16,6,11,5,8,2,6
835,13,0,7,1,4,3,10,2,1,3,1,3,NA,2,1,1,2,17,37,11,7,27,0,3,1,13,0,45,17,4,1,10
836,13,0,7,0,5,13,11,2,NA,2,NA,NA,0,NA,0,1,3,18,4,26,7,18,0,10,3,8,26,16,21,10,2,2
837,13,0,9,0,1,9,6,10,NA,1,1,1,0,3,0,NA,3,4,49,11,2,50,1,9,2,13,14,10,10,37,4,10
838,14,0,13,1,4,40,9,9,3,NA,3,1,NA,1,NA,0,0,6,3,33,9,28,1,2,4,20,33,25,17,1,3,5
839,14,0,4,1,10,38,4,4,2,1,2,1,0,1,1,NA,0,7,50,13,7,16,0,0,1,12,26,20,26,37,2,1
840,14,0,7,1,1,30,9,4,3,NA,NA,NA,1,2,0,1,3,12,45,9,12,50,2,5,3,7,10,0,21,42,2,2
841,14,0,5,1,4,14,15,12,3,1,4,NA,NA,1,0,0,4,1,47,26,14,10,0,7,1,11,38,35,27,40,5,3
842,14,0,11,0,4,7,6,6,1,3,NA,1,NA,3,NA,0,3,2,25,30,10,50,2,3,1,8,10,1,29,36,1,2
843,14,0,6,1,10,12,7,15,2,2,NA,2,1,2,1,NA,0,5,9,3,14,31,0,6,0,9,20,22,15,20,3,9
844,14,0,6,0,4,3,10,11,1,NA,1,1,NA,1,0,1,0,8,19,18,2,18,1,11,1,14,42,8,14,1,4,1
845,14,0,4,1,4,14,5,14,2,3,4,3,0,2,NA,NA,1,12,42,22,2,27,2,8,2,12,38,34,25,19,5,0
846,14,0,10,1,10,20,7,3,3,4,NA,NA,NA,2,0,1,2,9,9,33,44,13,2,9,0,13,29,2,26,34,1,4
847,14,0,6,1,2,20,9,10,2,NA,4,2,1,NA,1,0,1,11,37,22,3,17,2,7,0,0,45,25,17,36,3,11
848,14,0,9,0,2,25,5,8,3,3,NA,1,NA,3,0,NA,3,8,10,27,14,28,1,5,1,16,34,4,6,19,0,1
849,14,0,5,0,2,3,8,12,2,NA,4,1,0,2,1,NA,1,6,15,29,0,7,2,7,4,9,48,36,11,43,1,10
850,14,0,9,0,10,38,3,1,2,3,3,3,0,3,NA,NA,1,5,49,17,12,50,0,4,1,18,35,40,23,15,4,3
851,14,0,14,0,1,16,9,19,1,NA,4,NA,1,NA,1,0,4,14,20,14,5,7,0,2,0,20,32,14,13,36,2,3
852,14,0,7,0,2,6,1,7,NA,2,4,NA,0,1,1,0,3,10,26,27,2,31,3,5,0,8,36,19,14,40,3,9
853,14,0,4,0,1,6,4,7,NA,2,3,2,NA,2,1,0,3,7,48,22,4,3,1,0,4,5,11,30,9,26,4,11
854,14,0,13,1,4,38,5,3,1,3,1,1,0,2,NA,NA,1,6,18,1,4,25,1,1,1,9,11,6,9,24,1,9
855,14,0,5,1,5,3,4,15,3,1,3,2,1,NA,1,NA,0,17,47,22,1,18,3,10,3,15,40,0,12,24,1,6
856,14,0,15,0,2,20,5,6,2,3,NA,NA,0,2,NA,0,1,17,16,44,16,12,2,1,4,11,12,13,13,24,5,8
857,14,0,12,1,1,20,12,18,1,4,2,1,NA,3,0,NA,4,11,48,24,13,5,2,10,4,8,9,20,3,25,2,11
858,14,0,9,1,4,5,1,6,2,4,3,2,1,1,NA,1,1,17,35,44,0,25,3,10,2,13,32,29,6,3,3,4
859,14,0,8,1,1,17,7,10,NA,1,4,1,0,3,1,NA,3,3,31,4,13,27,0,3,1,7,29,2,0,19,4,2
860,14,0,10,1,2,40,7,19,NA,3,NA,1,NA,NA,1,NA,3,5,17,16,6,8,1,0,4,13,31,6,10,11,3,7
861,14,0,4,1,1,13,12,1,NA,NA,1,2,0,NA,0,1,4,12,25,24,5,15,1,6,3,10,13,24,29,12,2,10
862,14,0,4,1,1,10,2,10,NA,1,2,NA,0,NA,NA,0,4,17,47,29,8,8,0,0,3,11,13,19,15,33,1,10
863,15,0,9,0,1,6,2,12,3,2,NA,2,NA,NA,1,0,3,11,38,24,8,22,1,6,4,0,3,6,20,11,1,10
864,15,0,14,1,4,11,2,18,3,1,2,2,0,3,1,0,4,18,39,22,12,13,2,1,3,16,6,10,28,47,5,6
865,15,0,12,1,1,11,11,19,1,4,3,2,NA,NA,1,1,1,6,1,12,11,1,3,9,4,11,47,26,25,38,0,10
866,15,0,13,1,1,60,10,3,2,2,4,3,NA,3,1,0,0,9,27,29,0,0,3,0,3,14,26,33,28,43,2,0
867,15,0,8,1,10,7,3,11,2,1,3,2,NA,3,1,1,2,18,15,15,11,50,0,8,4,5,44,1,25,31,2,11
868,15,0,11,1,5,8,5,10,1,1,1,3,1,NA,1,0,3,9,48,14,44,6,0,8,4,18,35,21,3,46,0,2
869,15,0,7,0,4,25,8,11,2,2,NA,2,1,1,1,1,1,0,17,9,7,3,3,2,1,4,45,16,28,14,4,8
870,15,0,15,1,5,4,9,2,1,3,1,NA,1,1,NA,0,1,18,4,22,14,13,2,6,3,4,14,33,17,20,3,10
871,15,0,14,1,10,4,9,18,2,4,NA,1,0,NA,1,NA,2,10,23,21,22,27,1,2,2,0,2,12,5,5,0,1
872,15,0,13,0,10,12,4,11,3,NA,2,3,0,1,0,NA,0,13,20,16,11,35,3,3,2,9,33,30,13,28,1,4
873,15,0,15,1,10,12,6,11,2,2,3,2,1,1,1,NA,2,6,27,0,2,28,3,7,3,11,49,39,27,21,0,2
874,15,0,10,1,2,4,11,1,NA,1,2,1,NA,NA,1,1,3,18,15,1,8,7,1,1,4,0,35,8,5,28,1,9
875,15,0,4,1,4,25,1,19,3,NA,4,1,0,3,NA,NA,2,10,45,1,9,3,0,8,1,20,6,26,7,51,1,11
876,15,0,7,0,2,50,4,14,2,1,3,1,1,NA,0,1,4,13,1,3,22,13,2,0,2,18,10,12,0,28,0,0
877,15,0,6,1,10,8,6,2,NA,1,2,1,0,3,0,1,0,5,44,16,16,31,3,6,2,15,10,6,21,44,3,6
878,15,0,6,0,4,16,15,3,3,3,3,1,NA,3,0,1,4,11,35,6,10,6,3,9,3,7,38,20,24,27,5,11
879,15,0,11,1,4,40,7,8,1,1,NA,NA,0,NA,NA,1,2,18,39,23,4,25,2,2,0,3,49,10,19,20,5,9
155,16,0,11,1,4,17,8,12,1,4,4,NA,1,3,NA,1,1,16,22,29,22,22,2,2,4,5,6,35,23,30,1,6
156,16,0,10,0,10,4,3,15,1,2,3,2,1,NA,0,NA,4,2,32,17,9,13,2,11,1,16,38,39,15,7,3,7
157,16,0,4,1,1,40,11,14,1,3,NA,NA,NA,2,NA,NA,3,7,15,19,44,46,3,9,2,16,35,27,0,2,3,7
158,16,0,11,1,4,38,1,3,2,3,3,NA,NA,2,NA,NA,2,18,23,4,0,7,2,8,1,15,7,31,0,20,4,0
159,16,0,7,0,10,20,8,9,1,NA,NA,NA,0,1,NA,NA,0,0,15,3,11,22,0,0,3,12,23,23,10,10,1,1
160,16,0,7,1,10,6,15,12,NA,1,4,2,1,2,NA,NA,0,8,0,44,44,14,2,0,4,14,32,35,36,10,2,5
161,16,0,6,1,1,15,1,5,NA,1,2,NA,1,2,NA,NA,3,11,2,2,16,7,0,7,4,10,8,37,25,18,2,4
162,16,0,9,1,10,16,5,18,NA,4,NA,3,1,NA,NA,NA,3,11,50,16,6,27,1,0,2,18,34,28,21,50,1,5
163,16,0,9,1,1,2,3,11,2,4,4,NA,NA,NA,NA,1,1,13,29,15,10,1,3,0,1,0,46,24,20,4,3,8
164,16,0,13,0,4,16,7,1,3,NA,4,NA,NA,3,NA,0,3,13,15,28,11,0,0,5,2,20,17,23,36,37,0,1
165,16,0,5,0,4,60,15,12,2,4,4,NA,1,3,1,0,3,8,9,20,14,14,0,11,0,12,33,19,27,16,5,11
166,16,0,9,1,2,124,6,3,1,3,NA,1,NA,3,1,0,2,9,0,5,4,6,3,4,0,4,44,6,28,20,5,2
167,16,0,9,0,4,60,8,18,1,2,3,NA,1,1,1,1,2,11,28,8,7,18,0,11,2,5,35,27,27,43,4,2
207,16,0,5,0,1,12,2,3,1,3,3,1,NA,3,0,NA,2,1,33,12,16,13,3,5,4,8,18,37,7,8,2,7
208,16,0,15,1,10,5,6,9,NA,3,4,2,1,NA,NA,1,2,1,5,5,16,7,0,5,3,16,42,31,20,34,3,10
209,16,0,4,0,10,15,11,1,NA,2,3,3,NA,3,1,0,2,3,10,20,3,22,1,10,4,17,10,45,17,43,0,10
210,16,0,6,1,5,2,9,8,NA,4,NA,NA,NA,1,0,NA,1,13,6,12,12,50,2,1,0,9,29,34,29,1,5,4
211,16,0,11,1,4,14,2,5,3,4,4,3,0,3,NA,NA,3,3,9,16,2,10,3,3,0,7,15,28,5,38,2,10
212,16,0,10,0,10,15,11,11,NA,1,4,3,1,1,0,1,2,1,29,23,22,1,3,10,3,4,29,23,0,0,3,2
213,16,0,12,1,4,60,2,6,NA,4,NA,1,NA,1,NA,0,4,3,4,5,16,16,2,1,4,0,26,34,29,1,1,0
214,16,0,6,1,5,45,7,7,1,NA,1,NA,1,1,0,1,0,2,36,2,1,14,3,10,0,14,40,13,15,45,5,11
215,16,0,9,0,1,8,5,9,3,4,1,2,1,1,0,0,4,0,1,19,11,50,2,9,1,19,22,33,15,48,4,0
216,16,0,4,1,4,12,5,18,3,3,3,1,0,NA,1,0,1,7,38,10,44,14,3,5,1,10,40,21,13,13,0,4
168,17,0,6,1,2,7,8,11,1,4,NA,3,NA,NA,1,1,1,16,49,8,8,9,1,2,1,18,13,39,13,17,5,4
169,17,0,10,1,5,20,9,14,2,NA,NA,3,1,2,0,1,2,1,19,22,10,16,1,11,1,0,50,39,5,33,3,8
170,17,0,9,1,2,10,5,1,1,4,NA,NA,NA,3,1,NA,3,15,12,4,8,5,1,8,3,17,41,5,11,12,4,5
171,17,0,5,0,1,16,15,18,NA,2,1,2,1,1,1,1,2,14,1,30,6,21,1,5,1,11,20,36,23,0,0,7
172,17,0,11,0,10,4,12,3,3,3,4,3,1,NA,NA,NA,2,5,40,23,1,10,0,6,4,11,23,14,4,29,3,0
173,17,0,14,1,1,38,8,12,3,3,4,NA,NA,1,1,NA,4,7,2,22,5,7,0,10,3,11,10,3,9,15,5,3
174,17,0,4,1,10,20,5,2,1,NA,1,NA,1,1,1,1,1,15,9,9,10,15,2,0,3,3,33,0,27,42,4,8
175,17,0,4,1,2,7,8,6,NA,2,1,2,NA,NA,NA,NA,1,2,34,11,6,3,1,6,4,10,15,6,14,46,2,9
176,17,0,12,1,10,6,3,6,NA,2,4,1,1,1,1,NA,1,15,12,26,13,14,1,10,2,13,50,18,3,49,1,8
177,17,0,4,0,2,16,7,1,NA,4,4,NA,1,NA,0,0,1,16,49,8,5,18,0,5,3,5,13,37,21,43,3,5
178,17,0,15,0,1,30,10,10,2,3,3,NA,1,NA,0,NA,0,9,7,21,9,2,1,11,0,4,24,26,2,34,2,0
179,17,0,9,1,1,10,7,9,NA,2,3,3,NA,2,0,NA,1,11,12,26,3,17,3,3,2,19,36,39,5,13,2,4
180,17,0,6,0,5,5,3,8,NA,4,4,2,NA,1,0,1,2,13,7,29,14,25,2,9,4,10,50,9,27,51,2,1
181,17,0,4,0,1,6,8,12,1,2,1,NA,NA,2,NA,NA,1,2,14,1,5,16,0,2,3,10,4,13,0,0,4,4
182,17,0,12,1,10,14,1,10,1,3,3,1,1,2,NA,NA,2,6,46,10,44,2,1,11,2,5,30,27,25,21,3,9
217,17,0,5,0,1,6,10,5,3,1,4,2,NA,1,NA,0,3,17,46,21,11,25,2,0,3,15,34,25,10,51,4,0
218,17,0,10,0,1,30,9,2,NA,2,NA,NA,NA,NA,0,1,4,10,34,27,9,50,1,9,1,11,9,27,10,49,5,1
219,17,0,7,0,2,40,9,18,NA,4,2,1,0,1,0,1,2,12,2,26,44,7,0,0,1,17,34,2,5,47,3,8
220,17,0,10,1,4,14,6,6,2,NA,3,NA,NA,NA,NA,1,4,16,39,7,6,1,0,6,0,14,44,1,22,48,3,3
221,17,0,6,1,4,38,4,8,3,4,3,NA,0,1,NA,NA,4,15,34,4,5,11,0,3,3,20,14,0,24,2,3,2
222,17,0,10,0,10,7,12,15,2,3,2,3,NA,1,NA,0,0,8,17,29,4,25,1,5,2,18,11,8,23,24,4,8
223,17,0,15,1,4,5,15,11,3,2,4,NA,1,3,0,1,4,12,13,8,11,18,2,9,0,10,21,42,27,48,3,8
224,17,0,10,0,4,8,2,8,2,NA,2,1,NA,1,NA,1,3,4,14,12,7,16,0,10,0,8,38,42,29,5,1,3
225,17,0,15,1,4,15,3,1,3,2,4,NA,0,2,1,NA,0,4,3,9,13,16,3,6,1,12,20,26,6,23,5,2
226,17,0,6,0,2,60,6,8,2,4,NA,3,1,NA,1,NA,2,8,1,9,8,7,3,1,0,3,15,45,14,8,1,6
227,17,0,11,0,10,50,2,6,3,2,3,NA,NA,2,0,1,0,8,25,7,22,1,3,1,1,18,8,17,27,31,3,10
183,18,0,13,1,5,17,4,5,NA,NA,1,2,1,2,1,1,0,6,40,11,8,14,1,6,3,5,2,20,10,18,1,2
184,18,0,7,0,4,12,5,12,2,2,2,3,NA,1,0,NA,2,18,48,17,0,6,1,9,3,4,24,42,13,11,4,6
185,18,0,7,0,5,3,5,6,2,4,4,2,1,1,1,0,1,7,39,17,12,10,1,10,1,12,40,7,11,49,5,8
186,18,0,6,1,4,12,11,3,3,4,2,1,1,1,NA,NA,0,8,13,15,44,14,2,3,2,19,34,7,0,15,0,11
187,18,0,9,0,5,12,1,9,1,1,2,2,1,NA,1,1,0,1,9,44,5,25,1,0,2,7,8,22,7,48,4,9
188,18,0,9,1,1,16,15,10,2,4,2,1,1,2,NA,0,3,14,26,30,3,3,0,9,3,4,23,9,36,47,1,1
189,18,0,14,0,5,20,2,11,1,3,2,2,1,3,1,0,4,5,45,17,9,13,2,9,1,5,40,33,7,44,1,2
190,18,0,11,1,4,10,3,1,NA,NA,2,NA,0,3,1,1,3,7,50,22,4,50,0,5,4,10,31,5,6,15,3,9
191,18,0,13,1,10,13,7,9,3,4,1,3,0,3,1,1,4,14,37,23,14,25,1,3,2,13,8,1,26,4,3,10
192,18,0,4,1,2,11,2,3,1,1,1,3,1,1,1,0,0,0,41,7,6,1,1,5,1,0,27,18,12,8,1,10
193,18,0,4,1,5,15,4,7,2,4,1,3,NA,3,NA,0,4,14,48,21,0,16,2,10,4,10,33,42,0,36,3,5
194,18,0,15,0,5,5,8,15,NA,1,4,NA,NA,3,1,1,3,11,9,19,4,21,3,0,3,4,41,34,25,8,3,3
195,18,0,5,1,1,7,10,11,3,2,2,3,1,3,NA,NA,4,9,16,5,4,14,0,3,0,19,42,1,2,24,1,9
196,18,0,9,1,5,17,3,4,1,NA,4,3,0,3,0,NA,3,10,24,24,2,15,1,4,2,16,2,17,6,17,1,9
197,18,0,14,0,10,30,3,11,NA,1,1,2,NA,3,0,1,4,17,14,29,7,35,0,10,3,18,47,39,12,25,4,8
198,18,0,7,0,4,50,15,3,NA,NA,4,NA,NA,2,NA,1,0,10,9,2,11,7,1,7,1,12,41,0,11,13,5,2
199,18,0,5,1,4,10,4,5,3,4,3,NA,NA,3,0,1,4,7,1,18,13,0,2,10,2,7,10,37,36,24,4,8
200,18,0,10,0,5,12,5,11,3,4,4,NA,1,2,NA,NA,1,15,50,30,10,15,3,10,4,19,48,40,26,17,3,5
201,18,0,14,1,2,60,12,7,3,3,3,3,1,NA,1,1,0,18,29,17,44,13,3,9,0,4,0,37,10,23,4,8
202,18,0,15,1,10,9,11,11,2,3,3,2,NA,NA,NA,1,0,7,17,6,8,12,0,10,3,18,2,18,23,0,2,5
203,18,0,10,1,4,30,7,9,3,2,2,1,NA,2,1,0,4,2,15,2,44,14,1,2,0,6,28,15,12,40,5,6
204,18,0,7,0,1,4,8,6,2,4,2,2,NA,1,NA,1,2,16,27,4,4,5,2,8,0,15,28,13,2,51,1,1
205,18,0,7,0,5,25,10,4,3,4,3,NA,0,2,0,1,4,16,1,19,3,22,2,0,0,3,24,20,3,36,0,5
206,18,0,4,0,5,20,2,3,3,3,NA,NA,NA,1,NA,0,2,1,19,5,5,17,2,10,3,18,17,28,13,39,5,4
1,19,0,7,1,2,4,7,19,2,4,NA,NA,0,2,0,1,2,13,7,17,6,27,1,8,4,20,1,13,9,10,2,6
2,19,0,4,0,5,6,4,18,3,4,NA,1,1,NA,NA,1,3,10,34,8,7,13,2,3,3,5,24,16,12,3,3,3
3,19,0,6,0,1,45,7,6,NA,NA,NA,NA,1,3,0,0,2,14,17,13,6,35,3,4,4,3,38,16,3,43,3,11
4,19,0,13,0,1,3,12,2,1,3,NA,1,0,3,1,1,2,9,21,22,7,1,0,0,3,20,6,18,36,1,5,8
5,19,0,6,1,2,4,6,3,3,NA,3,3,0,NA,0,NA,2,0,15,18,16,10,3,0,0,9,41,31,0,28,4,6
6,19,0,9,0,10,9,12,15,3,2,2,1,1,1,NA,NA,2,8,29,13,14,18,1,9,0,18,2,18,10,20,0,5
7,19,0,15,1,1,17,15,9,2,2,4,2,0,2,0,1,4,9,31,19,5,11,3,7,1,8,42,26,27,20,4,11
8,19,0,6,0,2,50,1,7,1,4,1,3,1,NA,0,NA,4,12,45,24,9,8,2,6,1,15,40,6,36,20,0,8
9,19,0,12,1,2,30,8,12,NA,3,3,NA,NA,3,0,1,3,14,33,44,2,2,2,2,4,3,26,40,6,10,5,6
10,19,0,11,1,1,7,6,14,1,4,2,3,NA,NA,NA,0,1,7,19,19,16,0,1,7,1,16,47,5,25,16,0,11
11,19,0,12,1,10,16,7,3,3,NA,NA,1,NA,3,1,0,3,7,5,23,13,50,0,9,1,14,11,24,13,39,4,8
12,19,0,14,0,10,30,11,3,NA,2,1,3,0,NA,1,0,3,11,25,6,8,25,3,3,1,17,38,37,13,45,5,8
13,19,0,12,0,1,2,11,3,2,1,3,1,1,1,NA,0,0,12,10,44,5,5,1,5,0,16,4,45,14,16,2,5
14,19,0,5,1,4,6,5,11,3,NA,NA,NA,NA,1,0,1,2,16,38,17,2,6,1,10,3,10,9,0,26,40,4,11
15,19,0,15,1,10,12,8,19,3,3,NA,2,1,NA,0,NA,4,17,16,3,7,35,0,7,1,9,43,28,10,38,4,4
16,19,0,7,0,1,7,5,1,3,NA,2,NA,1,1,1,0,3,9,37,14,3,3,3,5,4,13,43,29,4,28,5,10
17,19,0,11,1,5,13,8,4,2,2,4,3,NA,2,0,1,4,9,4,28,12,27,1,8,3,11,22,4,10,43,3,1
18,19,0,6,1,2,9,15,19,3,4,4,NA,0,1,0,1,0,15,20,17,0,9,0,2,0,15,44,42,13,13,3,7
19,19,0,13,0,4,15,5,14,2,NA,2,1,1,3,1,1,0,13,12,3,14,5,1,1,0,9,46,7,3,2,4,6
20,19,0,14,0,5,7,15,2,NA,2,NA,NA,0,NA,1,1,2,2,27,19,11,27,2,9,4,19,39,17,7,14,3,11
21,19,0,4,0,10,14,9,14,NA,3,NA,1,1,NA,NA,0,3,0,47,12,44,11,1,8,4,4,46,42,22,38,3,3
22,19,0,13,1,10,20,15,18,2,4,2,1,1,2,NA,NA,1,12,20,23,6,8,2,4,0,15,1,10,19,16,0,7
23,19,0,13,1,5,11,1,9,NA,2,4,2,NA,3,1,1,0,3,18,8,10,46,1,11,3,10,41,19,2,21,2,11
24,19,0,8,0,4,12,8,4,1,1,1,3,1,NA,NA,0,3,6,48,44,13,10,2,7,1,9,0,30,36,12,3,3
25,19,0,13,0,2,12,8,4,3,4,2,3,1,1,0,1,1,18,26,30,3,46,0,9,2,11,4,16,5,48,1,7
26,20,0,15,0,5,17,5,8,2,2,2,2,0,3,NA,NA,3,3,13,33,8,7,3,5,3,14,49,13,9,42,5,0
27,20,0,8,1,1,5,10,9,2,2,2,NA,0,2,NA,1,1,3,38,26,3,9,0,11,3,5,49,19,4,20,5,11
28,20,0,9,1,5,2,12,10,1,NA,NA,1,1,NA,NA,0,1,14,36,22,2,3,1,9,0,4,16,33,7,47,1,9
29,20,0,4,0,1,20,8,11,2,NA,2,NA,NA,NA,NA,1,4,12,6,27,5,3,1,10,2,7,21,28,29,45,0,5
30,20,0,14,1,5,2,12,18,1,1,4,2,NA,1,NA,0,0,2,17,16,1,10,2,1,1,18,38,22,14,26,5,6
31,20,0,12,1,1,5,9,2,2,2,3,1,0,1,1,NA,3,12,2,21,1,3,3,7,0,15,48,16,25,15,3,0
32,20,0,14,1,10,2,7,3,NA,1,4,1,NA,NA,0,1,1,0,22,1,11,21,1,5,1,11,48,22,10,23,0,6
33,20,0,5,1,5,124,5,11,NA,4,4,1,NA,3,1,1,4,13,37,24,2,5,2,11,0,8,20,11,1,6,3,6
34,20,0,9,1,4,11,11,11,1,4,NA,3,NA,3,1,1,1,12,7,7,2,35,0,9,2,19,22,8,11,15,5,11
35,20,0,6,1,2,16,1,1,2,4,NA,NA,1,1,NA,0,0,18,1,18,44,35,3,4,1,10,32,31,5,6,5,10
36,20,0,13,1,4,11,4,2,3,2,4,3,0,1,0,NA,2,12,36,26,5,14,1,2,1,17,45,11,26,23,1,11
37,20,0,11,0,10,2,12,3,2,1,3,NA,NA,3,1,NA,3,13,0,44,0,14,3,10,1,3,7,25,2,19,0,5
38,20,0,7,0,1,30,9,19,2,NA,2,3,1,1,0,NA,4,18,26,29,0,13,2,9,3,5,22,1,5,12,1,0
39,20,0,4,1,5,4,8,11,NA,3,2,NA,1,1,1,0,0,15,39,20,1,5,1,11,0,8,9,22,12,37,2,5
40,20,0,12,0,4,17,6,7,2,1,4,2,1,NA,0,0,4,10,14,30,6,22,2,8,0,12,31,36,19,46,1,10
41,20,0,15,0,2,9,11,9,3,3,2,NA,1,2,1,NA,3,1,18,12,22,46,3,8,3,4,4,31,24,2,3,5
42,20,0,6,0,4,38,11,14,NA,1,2,2,0,1,1,NA,0,2,19,4,3,11,3,4,3,3,22,8,17,46,1,8
43,20,0,10,0,10,45,6,12,1,1,3,1,NA,NA,NA,0,3,5,43,27,13,25,2,0,1,17,28,37,24,24,5,7
44,20,0,5,0,5,8,7,5,1,1,2,3,1,3,1,0,0,9,10,12,44,0,1,5,2,3,50,27,26,43,5,1
45,20,0,12,0,5,30,9,18,2,4,1,1,NA,NA,0,0,0,8,0,7,4,27,0,11,2,10,33,7,14,46,5,7
46,20,0,4,1,5,6,1,2,2,3,NA,2,NA,2,1,1,3,12,32,21,6,12,3,5,2,3,4,10,0,27,2,10
47,20,0,7,0,1,124,1,8,2,1,1,NA,NA,2,NA,1,0,11,49,4,3,15,0,11,4,11,2,13,25,8,4,0
48,20,0,9,0,4,5,15,5,1,4,1,NA,NA,2,0,NA,2,17,10,28,7,8,3,3,4,6,31,4,22,45,5,8
49,20,0,9,1,4,5,10,1,2,1,3,2,1,1,0,0,0,13,42,44,9,9,1,10,1,19,11,11,13,40,1,9
50,20,0,14,1,4,9,4,6,NA,2,4,3,1,3,1,1,2,0,35,8,0,27,2,0,0,9,44,27,3,43,1,2
